#{"t_start": 1754094254.136626, "env_id": "None"}
r,l,t
-149.646915,365,0.319774
-71.866405,365,0.508066
-189.500294,365,0.688275
-89.441771,365,0.882163
-77.896793,365,1.062259
-127.906096,365,5.277468
-100.804692,365,5.456456
-98.367359,365,5.613028
-90.917802,365,5.766035
-118.203424,365,5.920036
-3.348875,365,6.074051
-14.555647,365,7.182364
-86.821179,365,7.341367
-3.987883,365,7.499687
-87.261856,365,7.664779
-109.405313,365,7.825312
-11.024808,365,8.893589
-34.165323,365,9.074592
9.393205,365,9.229286
-58.226438,365,9.430307
32.30302,365,9.608293
-2.114651,365,9.771295
0.793278,365,11.171587
-24.148667,365,11.403505
-31.621327,365,11.616504
-2.70788,365,11.7925
-93.108411,365,11.962345
58.777736,365,12.127408
-0.908805,365,13.42914
-10.483813,365,13.610744
-6.193203,365,13.777752
24.137334,365,13.940754
-29.03601,365,14.096756
-60.622165,365,15.405985
9.749772,365,15.702816
7.653435,365,15.947171
-12.748119,365,16.126133
21.495569,365,16.297448
-11.487975,365,16.46245
-55.017176,365,17.725818
-19.993013,365,17.929903
-57.101111,365,18.097918
37.913923,365,18.258914
-8.244117,365,18.417057
-77.182605,365,19.638404
-0.410514,365,19.853046
-29.185857,365,20.031443
-50.006887,365,20.190472
-25.720293,365,20.342626
-47.180672,365,20.496626
-14.322975,365,21.788792
-9.358952,365,21.986903
-15.887438,365,22.161045
66.408923,365,22.326915
-23.478761,365,22.487
41.864438,365,22.638949
32.695762,365,24.075298
47.556726,365,24.268381
3.994247,365,24.444687
-29.257095,365,24.608686
-0.368937,365,24.768773
32.324565,365,25.976839
-43.648512,365,26.182872
-23.144727,365,26.356364
-41.186125,365,26.522006
-77.846523,365,26.685021
50.768503,365,26.854425
18.434168,365,28.159558
-29.788335,365,28.372171
34.660466,365,28.593618
20.619886,365,28.76649
-0.389368,365,28.931486
59.552094,365,30.139978
51.825119,365,30.350981
-22.111133,365,30.527065
20.333579,365,30.69098
7.154156,365,30.846981
-49.135168,365,31.002071
-2.580848,365,32.206055
40.969123,365,32.403151
-5.798678,365,32.572955
58.233168,365,32.73597
26.324032,365,32.899967
-65.771297,365,33.054965
-2.396929,365,34.353903
44.831424,365,34.538897
46.366328,365,34.697897
-12.622202,365,34.852897
11.173569,365,35.009897
10.650493,365,36.207404
64.000104,365,36.41041
20.654518,365,36.587405
80.575942,365,36.752757
13.465906,365,36.916755
-13.803307,365,37.070758
43.06178,365,38.320747
16.092634,365,38.512775
-24.400559,365,38.679855
23.59246,365,38.841686
31.360349,365,38.998769
-14.089225,365,40.159679
12.512372,365,40.362692
-18.357005,365,40.545131
50.458811,365,40.71126
-90.333606,365,40.874612
47.110715,365,41.029719
-121.066327,365,42.237264
62.772588,365,42.436363
3.421063,365,42.608358
-57.057239,365,42.770352
10.977194,365,42.932605
-11.94512,365,43.08769
-27.104038,365,44.341271
-0.134855,365,44.533266
14.499102,365,44.693263
-24.220125,365,44.845745
40.458149,365,45.00174
30.520506,365,46.203074
51.161403,365,46.414081
43.162064,365,46.593939
3.25484,365,46.759922
70.152993,365,46.921941
-4.780852,365,47.077852
8.483069,365,48.31447
6.225378,365,48.510556
93.090998,365,48.673568
-25.227447,365,48.833887
-17.907334,365,48.987888
31.498189,365,49.140881
-15.064778,365,50.37778
108.448281,365,50.55678
28.256799,365,50.71579
-31.320619,365,50.873842
-14.12279,365,51.030847
11.753011,365,52.243084
-16.255645,365,52.450171
10.979093,365,52.620708
66.424162,365,52.780795
8.102024,365,52.94171
10.489386,365,53.097028
-33.884018,365,54.377447
97.931128,365,54.568447
-29.641313,365,54.739391
12.139355,365,54.90339
59.492489,365,55.05939
59.738788,365,56.253739
11.259169,365,56.473743
66.630712,365,56.647747
37.817189,365,56.810834
7.609171,365,56.968829
38.340026,365,57.120836
10.955914,365,58.363855
-7.241933,365,58.561034
24.850286,365,58.729704
52.837275,365,58.892709
-32.900569,365,59.047707
-6.863389,365,59.199705
-20.14987,365,60.424428
120.868525,365,60.603958
13.036002,365,60.762969
87.285377,365,60.916873
3.354339,365,61.071943
-50.472396,365,62.251944
47.06701,365,62.455946
9.869584,365,62.627918
19.112558,365,62.792007
26.815615,365,62.95392
-92.653906,365,63.108016
126.139132,365,64.349721
-48.236827,365,64.566741
0.246917,365,64.738812
68.351452,365,64.901819
-5.767939,365,65.059761
41.776315,365,66.246895
28.519394,365,66.463178
50.095631,365,66.63835
29.926588,365,66.805351
-35.314405,365,66.966441
-40.666239,365,67.118456
42.489956,365,68.337461
30.650707,365,68.534462
85.619599,365,68.698555
33.80204,365,68.850546
-36.057657,365,69.006459
-11.850509,365,69.15946
-43.3399,365,70.407746
38.904884,365,70.591704
37.091439,365,70.756874
10.333117,365,70.915869
18.654594,365,71.073379
41.51382,365,72.736604
75.486591,365,72.992631
3.587429,365,73.192669
84.766873,365,73.38267
23.319,365,73.589642
85.137985,365,73.783705
-25.813785,365,75.508038
40.434048,365,75.71414
45.341534,365,75.895143
17.058117,365,76.067138
94.580307,365,76.23354
14.991589,365,77.470237
59.926468,365,77.711629
-21.820129,365,77.901631
49.642148,365,78.07563
63.319022,365,78.237721
-87.662053,365,78.399797
2.44116,365,79.628619
38.158329,365,79.830706
14.239481,365,80.003718
53.15529,365,80.167771
66.826656,365,80.328769
37.679672,365,80.486784
73.951433,365,81.720774
88.647137,365,81.905266
39.029969,365,82.072371
39.526299,365,82.231474
26.203299,365,82.387368
51.475207,365,83.587464
27.390428,365,83.80766
53.60255,365,84.011639
25.1686,365,84.176728
4.103146,365,84.335736
-6.083189,365,84.490735
39.20023,365,85.726565
11.465453,365,85.922658
33.789557,365,86.092647
21.670738,365,86.250561
59.908795,365,86.405561
0.582232,365,86.557656
55.288643,365,87.775506
13.329517,365,87.959527
23.24659,365,88.130589
26.409651,365,88.287509
69.644521,365,88.443687
28.330249,365,89.629687
48.349335,365,89.837345
29.53953,365,90.019425
7.76201,365,90.196861
-1.475042,365,90.355944
25.654099,365,90.508937
-51.707335,365,91.785872
-22.887739,365,91.985231
-28.202049,365,92.173225
37.024967,365,92.391231
50.437574,365,92.577833
11.373186,365,93.84133
9.557169,365,94.052133
15.570453,365,94.23013
28.853319,365,94.39413
5.742334,365,94.550134
15.221078,365,94.703133
41.057814,365,95.914121
27.26111,365,96.112125
-3.453905,365,96.278209
45.367132,365,96.435207
97.132161,365,96.590589
-10.068763,365,96.744508
1.557793,365,97.957865
15.295254,365,98.14481
22.656914,365,98.314387
17.664474,365,98.471388
29.212778,365,98.627388
24.25529,365,99.814762
83.717975,365,100.016757
2.602257,365,100.18776
-2.791258,365,100.348757
25.913496,365,100.501757
29.280153,365,100.65669
58.013894,365,101.869268
11.931987,365,102.060104
4.864521,365,102.226211
64.274327,365,102.381196
89.965244,365,102.533187
52.28846,365,103.724217
28.502026,365,103.934963
37.97322,365,104.113052
22.603471,365,104.27629
27.547738,365,104.4332
21.132598,365,104.586297
40.919404,365,105.809447
45.473268,365,106.019786
41.591558,365,106.197801
7.883943,365,106.360789
24.905731,365,106.519881
50.622833,365,106.676887
48.590751,365,107.909847
127.441242,365,108.095849
13.90359,365,108.264409
8.463969,365,108.430309
49.242242,365,108.58992
37.239137,365,109.807153
9.525802,365,110.014245
100.782394,365,110.189233
0.881432,365,110.353019
7.796421,365,110.512011
45.452132,365,110.66722
22.090413,365,112.140076
97.054934,365,112.340984
31.729385,365,112.550255
7.243222,365,112.772656
47.629731,365,112.982049
-7.014948,365,114.261024
65.143319,365,114.476266
-12.02337,365,114.654247
-16.043511,365,114.816234
-9.351551,365,114.977098
34.098837,365,115.137091
46.586355,365,116.341925
21.620895,365,116.548016
30.82341,365,116.718027
92.15983,365,116.879016
10.957365,365,117.039842
17.448615,365,117.195831
11.509697,365,118.425777
15.217478,365,118.611819
-10.766882,365,118.780875
33.940456,365,118.948123
20.968074,365,119.107148
55.692364,365,120.375691
-28.820025,365,120.601138
92.074632,365,120.777979
18.154113,365,120.945883
37.339109,365,121.101961
59.288903,365,121.254534
84.015582,365,122.478326
25.937837,365,122.674491
1.534251,365,122.848541
64.121275,365,123.013541
78.038026,365,123.175541
69.323471,365,123.329556
6.533034,365,124.557623
15.594362,365,124.736624
19.803042,365,124.903622
21.602234,365,125.068751
30.572908,365,125.227746
78.498752,365,126.427186
13.406854,365,126.630304
32.69825,365,126.804223
59.966047,365,126.968319
34.796364,365,127.124222
-7.874493,365,127.278223
22.179483,365,128.503333
36.041816,365,128.691415
79.646214,365,128.857522
44.288176,365,129.018656
46.401185,365,129.178059
28.752028,365,130.381965
25.785676,365,130.587984
17.451726,365,130.762259
38.179143,365,130.932251
4.855305,365,131.09317
45.615803,365,131.248257
63.321029,365,132.459516
-10.557898,365,132.651609
44.805335,365,132.819609
70.199604,365,132.983914
-40.498619,365,133.146914
126.784004,365,133.298917
111.390225,365,134.502078
42.443792,365,134.68217
25.6165,365,134.844777
57.913693,365,135.015799
24.199156,365,135.174778
30.402877,365,136.450432
57.281192,365,136.665437
30.937431,365,136.883492
40.582432,365,137.049486
39.482941,365,137.20949
58.061077,365,137.362639
25.785608,365,138.615491
32.579382,365,138.802584
48.596819,365,138.974892
123.762116,365,139.136892
82.411001,365,139.295891
26.729602,365,140.471351
54.856176,365,140.684356
27.412316,365,140.857665
90.378421,365,141.024665
76.141458,365,141.180667
15.784332,365,141.334667
8.554367,365,142.538444
55.963978,365,142.744665
-11.045036,365,142.917761
42.954744,365,143.086761
50.732391,365,143.24767
26.607511,365,143.419034
22.59937,365,144.648611
28.541893,365,144.831606
6.418872,365,144.998609
133.471372,365,145.156608
59.647256,365,145.312697
35.437468,365,146.505836
-13.848505,365,146.721841
87.528984,365,146.897836
13.799123,365,147.060783
14.207769,365,147.221781
103.985653,365,147.376705
46.930837,365,148.634086
5.015776,365,148.826072
32.856954,365,148.998257
39.727411,365,149.15917
21.028013,365,149.31417
16.989712,365,150.502775
32.621196,365,150.706791
70.764362,365,150.887814
32.239203,365,151.055811
37.541269,365,151.217077
67.67759,365,151.373166
78.93778,365,152.572995
76.689046,365,152.776002
35.358075,365,152.945992
36.068321,365,153.100013
47.531356,365,153.259268
33.661092,365,153.412262
54.74434,365,154.619387
-5.118601,365,154.803442
46.06178,365,154.974441
23.957142,365,155.136536
10.091755,365,155.293746
-36.416643,365,156.522307
35.45279,365,156.73531
4.057511,365,156.916292
18.075836,365,157.080326
35.757932,365,157.239377
-24.927815,365,157.390292
18.097115,365,158.609073
38.139839,365,158.807075
38.847069,365,159.000091
34.934681,365,159.230174
81.610195,365,159.41118
36.877118,365,159.584573
2.626318,365,160.842988
26.827726,365,161.026708
1.944647,365,161.194717
18.279918,365,161.35471
69.449055,365,161.508621
75.990469,365,162.713453
76.280864,365,162.91546
64.903844,365,163.087456
51.274155,365,163.256551
6.048205,365,163.412714
56.27551,365,163.566718
-4.955872,365,164.805603
22.070172,365,164.995614
67.524675,365,165.154685
39.81156,365,165.307597
21.271165,365,165.461601
42.3052,365,166.750302
50.778407,365,166.972403
27.702642,365,167.149403
55.326562,365,167.313404
109.13471,365,167.473354
88.396507,365,167.634339
47.115876,365,168.921923
37.219873,365,169.131017
14.461275,365,169.320013
54.767288,365,169.487928
79.845246,365,169.652925
75.110351,365,169.812747
14.124828,365,171.043139
50.965851,365,171.229228
50.840572,365,171.402405
73.486196,365,171.562191
41.856616,365,171.721189
54.962626,365,172.929029
31.924309,365,173.135024
59.794534,365,173.314815
10.73897,365,173.481109
39.825899,365,173.643108
112.202476,365,173.798106
19.305615,365,175.02803
63.27535,365,175.273451
38.432539,365,175.447503
100.557331,365,175.611498
26.91572,365,175.770854
-10.499421,365,176.948506
53.792331,365,177.160116
15.744391,365,177.337188
-8.940033,365,177.501202
51.300923,365,177.658196
68.642417,365,177.812197
62.344267,365,179.027211
1.160734,365,179.227309
83.053477,365,179.391312
-0.858788,365,179.549305
33.341432,365,179.702303
13.894496,365,179.855874
-12.630209,365,181.093482
68.827503,365,181.279564
42.474448,365,181.442515
19.9365,365,181.598261
15.602139,365,181.750335
7.842324,365,183.021277
-25.178539,365,183.2351
58.780382,365,183.409193
27.003631,365,183.5701
44.181898,365,183.725199
54.312814,365,183.88017
55.353841,365,185.141687
25.765221,365,185.337551
18.832979,365,185.512631
13.392805,365,185.675499
3.777481,365,185.834407
37.372854,365,187.021747
34.627905,365,187.236837
73.539526,365,187.415976
-5.985782,365,187.578996
-5.515051,365,187.734976
87.545107,365,187.897589
27.931858,365,189.12398
80.720544,365,189.325097
-13.701272,365,189.494092
42.604005,365,189.654223
24.589538,365,189.808217
20.515151,365,189.963292
98.526436,365,191.213743
55.991476,365,191.398746
103.877862,365,191.56375
99.915761,365,191.719748
82.584993,365,191.873749
62.108785,365,193.05631
65.288766,365,193.263611
58.790991,365,193.442614
2.967976,365,193.60969
67.311976,365,193.769614
70.895851,365,193.924358
36.800196,365,195.170111
69.354983,365,195.362425
55.639449,365,195.524436
24.357609,365,195.678335
24.889047,365,195.83245
36.33676,365,195.987136
54.712325,365,197.225124
39.745805,365,197.401079
54.462355,365,197.564217
57.055961,365,197.723307
69.706944,365,197.880212
-5.425854,365,199.11581
-34.20116,365,199.325885
46.33642,365,199.500505
-26.823912,365,199.664387
9.74193,365,199.824308
0.811999,365,199.977398
-38.67315,365,201.216698
55.05429,365,201.405696
66.117869,365,201.579601
61.702752,365,201.741587
-10.469977,365,201.898678
-63.538703,365,203.094016
47.235107,365,203.311023
47.448135,365,203.486114
-17.478963,365,203.643106
29.51353,365,203.795022
53.070793,365,203.963884
48.643532,365,205.175998
-8.670766,365,205.371856
-22.135552,365,205.539855
54.400173,365,205.699127
66.02362,365,205.854119
94.880232,365,206.008131
46.528966,365,207.251758
102.463697,365,207.42982
15.793314,365,207.59283
31.479468,365,207.749125
27.552361,365,207.907121
68.199504,365,209.115093
44.904484,365,209.316195
35.043863,365,209.489131
51.979322,365,209.645132
71.098669,365,209.798443
52.402885,365,209.95544
72.652104,365,211.17652
3.571403,365,211.366601
27.339202,365,211.538614
30.133992,365,211.697808
-25.092971,365,211.852812
21.120663,365,213.185405
17.842847,365,213.410424
4.596231,365,213.582503
36.688767,365,213.74441
72.395355,365,213.89975
-9.462431,365,214.052839
28.107268,365,215.262084
66.438333,365,215.459084
68.844297,365,215.629601
89.466835,365,215.791619
97.885918,365,215.94571
16.973107,365,216.098716
33.780137,365,217.325735
12.410144,365,217.503803
32.588201,365,217.667819
53.627081,365,217.824657
75.365364,365,217.98371
19.49928,365,219.179734
94.072578,365,219.388531
17.224365,365,219.562607
50.178422,365,219.724517
56.352642,365,219.879611
22.793403,365,220.033607
13.482299,365,221.321002
51.610114,365,221.508005
25.544648,365,221.670004
-3.284778,365,221.823937
5.278474,365,221.978959
11.04134,365,223.15362
50.97804,365,223.361917
39.046472,365,223.544897
44.014068,365,223.700881
11.307614,365,223.852882
70.137414,365,224.007923
81.906621,365,225.240905
63.762054,365,225.439279
7.823678,365,225.611473
40.287591,365,225.775476
49.161054,365,225.940473
52.688206,365,226.101561
26.361846,365,227.32346
31.116028,365,227.504719
36.410203,365,227.667708
33.409779,365,227.827772
51.050938,365,227.985875
25.555707,365,229.275834
62.535947,365,229.481278
81.365047,365,229.661282
94.879821,365,229.82637
92.140153,365,229.984275
40.642152,365,230.13837
55.925127,365,231.333806
74.408335,365,231.524858
-46.889998,365,231.694678
30.47769,365,231.856059
27.603098,365,232.014066
21.150556,365,232.166057
53.940292,365,233.4288
12.108406,365,233.603796
32.928005,365,233.764897
43.526371,365,233.931211
108.175428,365,234.089314
27.506468,365,235.307596
6.467392,365,235.506597
48.188711,365,235.680688
71.616973,365,235.843598
53.610833,365,236.003594
90.207313,365,236.155596
75.439532,365,237.401673
80.666468,365,237.587679
60.360845,365,237.747658
28.844426,365,237.905657
17.568214,365,238.060131
24.623783,365,239.256374
69.280795,365,239.464379
62.749335,365,239.635397
53.345639,365,239.795449
60.825296,365,239.954357
36.840056,365,240.110086
100.397139,365,241.344244
61.285612,365,241.540236
-0.045396,365,241.704322
45.618081,365,241.858558
27.182701,365,242.01155
30.675724,365,242.164563
29.328636,365,243.419144
-5.721091,365,243.600144
87.724932,365,243.765143
34.310823,365,243.926629
60.095565,365,244.07963
48.991779,365,245.266441
57.327945,365,245.475434
27.247638,365,245.64943
19.47447,365,245.812425
55.336124,365,245.972433
16.17273,365,246.125335
59.990096,365,247.348368
57.103099,365,247.537345
35.743319,365,247.698262
46.156922,365,247.851353
-7.457653,365,248.009047
32.526432,365,249.210514
63.753283,365,249.414989
89.454999,365,249.591182
48.211996,365,249.755674
14.933702,365,249.914567
57.828534,365,250.066572
28.384843,365,251.297679
11.213395,365,251.500794
28.652494,365,251.673031
-5.272417,365,251.833031
14.349159,365,251.992811
28.22496,365,252.144901
47.748855,365,253.383773
37.506582,365,253.568763
-9.72789,365,253.733781
26.665202,365,253.894839
68.730464,365,254.045768
87.752497,365,255.269672
2.398336,365,255.479679
59.693338,365,255.648673
27.220123,365,255.808667
24.196004,365,255.963661
78.989107,365,256.116923
67.863283,365,257.333449
74.028601,365,257.519932
26.580848,365,257.688017
63.021338,365,257.847027
-1.23664,365,258.005533
66.899264,365,259.232999
85.438058,365,259.441099
2.266606,365,259.622006
-4.759304,365,259.840226
41.94452,365,260.040227
34.882243,365,260.206922
87.326318,365,261.423041
2.265118,365,261.623792
110.502454,365,261.79389
6.12422,365,261.955793
45.019539,365,262.113695
53.50256,365,262.266694
28.435075,365,263.504687
37.106768,365,263.691685
19.462874,365,263.852779
56.231183,365,264.008776
52.339517,365,264.161252
51.277062,365,265.341406
51.896054,365,265.548505
40.371443,365,265.72032
38.190019,365,265.882327
120.542565,365,266.035229
24.871648,365,266.188231
54.334738,365,267.399278
72.316556,365,267.591366
71.342548,365,267.75437
35.897955,365,267.91337
84.640421,365,268.065493
38.1938,365,268.217397
39.666989,365,269.443253
36.549991,365,269.624255
68.047057,365,269.789441
3.642056,365,269.95044
48.45796,365,270.102449
36.683083,365,271.292104
27.621485,365,271.496197
67.780433,365,271.665196
16.927804,365,271.817517
57.379551,365,271.973518
58.47749,365,272.12652
106.655692,365,273.350163
69.881109,365,273.545245
62.855932,365,273.713253
52.466161,365,273.874196
62.122225,365,274.033631
15.330623,365,275.405133
-23.890164,365,275.613146
6.065503,365,275.787223
46.913671,365,275.950249
-14.414492,365,276.107241
26.386841,365,276.260329
64.562664,365,277.523079
56.650693,365,277.717363
38.388376,365,277.89613
84.761226,365,278.062124
16.586015,365,278.220029
40.622259,365,278.379029
47.923459,365,279.603436
39.301551,365,279.783449
15.138757,365,279.950684
36.017815,365,280.10969
72.622528,365,280.262686
13.176337,365,281.430444
109.521045,365,281.636459
-22.90571,365,281.805498
82.807262,365,281.970496
80.162468,365,282.13523
44.76057,365,282.291149
49.070183,365,283.475611
68.407373,365,283.668611
54.555986,365,283.836709
63.867151,365,283.99661
83.078401,365,284.151609
16.417576,365,285.332876
83.041143,365,285.546894
56.060726,365,285.724883
103.972045,365,285.895044
59.481731,365,286.056044
30.816286,365,286.21104
78.246881,365,287.417413
-1.740897,365,287.624359
52.731442,365,287.796666
86.359118,365,287.962753
10.911488,365,288.115666
82.539723,365,288.27167
40.132539,365,289.503993
77.984949,365,289.693088
63.390553,365,289.859078
58.23509,365,290.022083
34.292007,365,290.176943
89.015764,365,291.345772
67.614754,365,291.551789
82.419999,365,291.726125
-4.453038,365,291.886116
27.686726,365,292.041104
128.400659,365,292.195458
63.152788,365,293.44449
67.306932,365,293.64047
55.067031,365,293.814083
57.897206,365,293.978996
95.29228,365,294.132995
30.622505,365,295.382725
26.391947,365,295.60343
71.581068,365,295.786501
33.678351,365,295.955504
47.413585,365,296.134135
64.380207,365,296.296143
99.672858,365,297.540781
110.864024,365,297.738401
48.478842,365,297.914367
98.93803,365,298.077433
22.580406,365,298.236755
62.912313,365,298.398639
33.533018,365,299.638664
48.727487,365,299.821681
50.695401,365,299.99369
85.801268,365,300.153528
32.888589,365,300.305839
58.346574,365,301.490931
63.891341,365,301.698003
29.682857,365,301.872012
87.848728,365,302.029001
87.825418,365,302.183012
25.935015,365,302.335795
47.957225,365,303.548093
30.695777,365,303.742096
-19.570275,365,303.912746
82.652999,365,304.072748
22.820729,365,304.225745
115.916953,365,304.4261
46.939391,365,306.056767
68.894652,365,306.301863
82.282124,365,306.532865
4.726779,365,306.767986
62.50564,365,307.007986
63.742946,365,308.35801
112.717368,365,308.570257
-4.452771,365,308.744322
109.322923,365,308.908617
69.575735,365,309.0718
82.482339,365,309.226796
60.202061,365,310.772168
60.082026,365,311.013264
61.583131,365,311.249487
47.604926,365,311.492555
110.620829,365,311.692356
49.605554,365,312.993521
96.129366,365,313.20452
63.090381,365,313.376234
44.483672,365,313.543338
42.988589,365,313.699425
65.41272,365,313.853334
33.08593,365,315.069731
28.405809,365,315.26673
-6.166066,365,315.432821
-7.856536,365,315.59414
13.020034,365,315.74578
111.492182,365,315.90279
63.57401,365,317.205268
53.398353,365,317.388263
46.52449,365,317.562641
132.646169,365,317.728153
10.536919,365,317.89115
-1.967737,365,319.124308
82.021177,365,319.327552
-0.17141,365,319.503668
100.8921,365,319.667729
6.385312,365,319.825714
76.949028,365,319.982806
115.48002,365,321.252836
45.579136,365,321.437856
67.0979,365,321.601319
63.197597,365,321.762335
-19.542351,365,321.918367
117.115023,365,323.107539
31.369336,365,323.326663
103.283204,365,323.501634
38.694029,365,323.682901
12.819817,365,323.860885
30.230396,365,324.03236
90.422107,365,325.303886
39.319674,365,325.555067
50.720143,365,325.743268
86.653586,365,325.916474
90.777038,365,326.086509
71.963029,365,326.246058
29.615907,365,327.605245
73.212402,365,327.785252
52.974459,365,327.955217
119.553579,365,328.117221
13.811134,365,328.269224
54.843422,365,329.48502
94.81006,365,329.687822
68.425724,365,329.863899
68.850657,365,330.02892
97.602573,365,330.184902
64.634926,365,330.338914
43.045294,365,331.574404
75.480156,365,331.765386
28.608782,365,331.932402
91.758968,365,332.092394
67.533602,365,332.243397
66.652836,365,333.407576
61.698726,365,333.626672
96.644536,365,333.80347
50.491858,365,333.975479
82.714848,365,334.138466
89.554063,365,334.292587
100.484399,365,335.501109
53.854205,365,335.707115
70.525251,365,335.88313
41.640076,365,336.04711
24.768584,365,336.204199
85.127316,365,336.355109
64.948631,365,337.562883
86.001415,365,337.747951
88.790969,365,337.917897
16.380238,365,338.0798
69.436809,365,338.2388
25.719028,365,339.429275
78.681214,365,339.629367
65.167684,365,339.809366
81.943911,365,339.976461
86.725334,365,340.135444
59.975603,365,340.28945
77.939707,365,341.472155
104.589158,365,341.65807
36.559617,365,341.822157
53.67269,365,341.980233
80.899836,365,342.133229
50.724441,365,342.287272
19.008255,365,343.52768
61.816023,365,343.70868
70.935104,365,343.875772
88.788981,365,344.033775
-92.811361,365,344.185769
33.889624,365,345.402106
51.970174,365,345.608147
48.016946,365,345.780654
5.212393,365,345.95158
54.589258,365,346.117128
56.441289,365,346.279109
86.384809,365,347.521479
57.07156,365,347.712713
113.889357,365,347.903704
69.507896,365,348.096616
24.241861,365,348.296707
68.569851,365,349.551938
60.876809,365,349.765027
54.551692,365,349.943019
109.378621,365,350.102035
64.936127,365,350.262807
39.644777,365,350.453774
77.197674,365,351.837959
113.538924,365,352.034054
43.652144,365,352.203049
60.175142,365,352.363054
96.90639,365,352.51605
73.686055,365,352.668049
81.817798,365,354.024443
46.639533,365,354.260905
168.337391,365,354.472097
105.395681,365,354.641093
32.479529,365,354.800106
133.511353,365,356.038053
28.705556,365,356.236059
79.495789,365,356.409059
155.921244,365,356.56914
117.514329,365,356.721058
59.379613,365,356.876055
88.787448,365,358.120081
125.036297,365,358.30595
134.24402,365,358.487534
98.498244,365,358.65153
76.225064,365,358.812347
62.273076,365,360.006084
113.991673,365,360.214175
89.144863,365,360.391867
95.101815,365,360.562877
120.978997,365,360.719898
59.591213,365,360.873902
67.731916,365,362.109696
58.707604,365,362.317803
85.067194,365,362.491284
65.201309,365,362.655282
133.783754,365,362.810386
100.815592,365,362.965279
138.261825,365,364.209003
122.949627,365,364.389099
130.954848,365,364.568088
73.475356,365,364.730089
86.886135,365,364.884088
128.232271,365,366.097111
61.825484,365,366.329128
112.814969,365,366.505514
128.630152,365,366.69551
53.440218,365,366.866391
68.834877,365,367.033489
133.750904,365,368.3042
120.034379,365,368.507644
115.922191,365,368.688565
86.068715,365,368.860564
90.576443,365,369.040009
113.140804,365,370.306483
65.710868,365,370.532486
107.254998,365,370.724586
85.968689,365,370.902581
110.299027,365,371.076586
96.272752,365,371.24158
168.80292,365,372.520946
62.620128,365,372.727957
91.553354,365,372.910932
97.226987,365,373.081911
101.413151,365,373.251853
69.84686,365,373.417948
74.906734,365,374.734408
127.162421,365,374.931466
71.775693,365,375.108467
114.469796,365,375.281557
72.388535,365,375.449352
147.456609,365,376.740277
123.485052,365,376.958273
109.180607,365,377.135274
168.188109,365,377.30029
104.585667,365,377.459545
9.633247,365,377.628578
68.140203,365,378.967852
141.137956,365,379.177857
110.478138,365,379.351853
80.007312,365,379.514943
128.817158,365,379.671853
147.75994,365,379.829648
68.750042,365,381.072338
110.531186,365,381.251411
139.722258,365,381.409327
137.902233,365,381.562315
98.627507,365,381.715917
112.849487,365,382.917598
77.515795,365,383.118714
117.23764,365,383.296713
111.913482,365,383.463716
75.015898,365,383.625713
102.306164,365,383.778712
125.070753,365,384.99619
77.654848,365,385.184287
143.694884,365,385.362434
132.39591,365,385.523432
185.240148,365,385.682414
131.491895,365,386.842327
127.31409,365,387.054448
56.75799,365,387.231453
168.987349,365,387.390438
100.410895,365,387.543451
144.908352,365,387.695458
176.073987,365,388.926502
122.092802,365,389.119598
143.392858,365,389.283508
94.015877,365,389.437606
29.51906,365,389.590595
35.559235,365,389.743558
145.561939,365,390.994021
138.965659,365,391.17186
79.157633,365,391.331866
178.629115,365,391.483861
166.580769,365,391.635857
162.354327,365,392.843546
99.544295,365,393.045641
84.461788,365,393.214642
172.39746,365,393.369624
99.509101,365,393.521637
148.270825,365,393.679405
148.889996,365,394.910833
83.451993,365,395.097895
138.248502,365,395.258685
168.26003,365,395.416773
128.000417,365,395.571162
186.634702,365,396.81146
129.070437,365,397.025459
123.547589,365,397.201664
160.204166,365,397.364788
173.605379,365,397.52179
119.495727,365,397.675791
107.672569,365,398.867547
72.54644,365,399.065584
143.70914,365,399.237641
8.222981,365,399.398636
209.596837,365,399.555636
60.999855,365,399.708639
134.701861,365,400.944474
142.103492,365,401.127473
136.153075,365,401.286472
197.533348,365,401.439568
69.974123,365,401.592472
130.56047,365,402.805462
186.854829,365,403.007488
117.224818,365,403.179467
105.383157,365,403.343785
95.462735,365,403.500784
113.044556,365,403.658156
141.726581,365,404.879419
157.756209,365,405.07242
123.972739,365,405.233419
127.633591,365,405.387419
155.377997,365,405.542419
117.104842,365,406.81952
128.628716,365,407.026538
146.283721,365,407.205629
175.092815,365,407.368519
138.151322,365,407.528502
167.750881,365,407.683486
154.023779,365,408.893016
61.800402,365,409.099018
56.585384,365,409.267032
142.445129,365,409.425979
184.850947,365,409.588068
74.708404,365,409.743067
133.837638,365,410.981551
53.271877,365,411.166422
129.434063,365,411.331067
185.699515,365,411.485693
196.160302,365,411.63968
102.37117,365,412.955854
139.073958,365,413.186406
-48.157574,365,413.360401
111.392534,365,413.522803
162.545791,365,413.685803
138.241586,365,413.839802
144.886806,365,415.087432
115.007454,365,415.295623
81.237192,365,415.530494
120.186913,365,415.711477
170.36262,365,415.882499
154.070767,365,416.07152
162.14831,365,417.36956
169.178222,365,417.548562
45.10909,365,417.71357
175.488667,365,417.87156
139.280077,365,418.026571
140.796142,365,419.232812
64.604885,365,419.432099
88.64125,365,419.605085
156.348372,365,419.772845
202.452233,365,419.932739
83.421396,365,420.085742
141.367914,365,421.31952
134.52732,365,421.503619
107.268727,365,421.670522
146.955596,365,421.829522
72.929128,365,421.985612
91.688809,365,423.191089
118.319829,365,423.399095
53.674458,365,423.572024
96.049519,365,423.745021
89.48749,365,423.908115
70.106544,365,424.064368
187.918025,365,425.497417
88.914055,365,425.742423
105.992056,365,425.927514
205.133716,365,426.095526
161.41699,365,426.25771
88.004787,365,426.412995
123.646689,365,427.670023
62.755646,365,427.848281
120.965831,365,428.01828
147.425887,365,428.17728
73.449166,365,428.33138
144.265161,365,429.543669
87.305645,365,429.741665
113.171569,365,429.915179
155.421326,365,430.076158
98.36697,365,430.230154
115.078837,365,430.383169
128.406886,365,431.62841
190.629763,365,431.814414
101.647899,365,431.984887
206.090866,365,432.148887
124.610955,365,432.30589
128.901238,365,433.499994
206.528861,365,433.711921
165.180924,365,433.887907
117.453249,365,434.052909
172.250435,365,434.207905
99.350224,365,434.361998
133.03299,365,435.568959
144.817984,365,435.761962
82.18463,365,435.932965
129.966136,365,436.097405
77.098061,365,436.254496
207.782322,365,436.407501
104.947541,365,437.658205
163.515728,365,437.837209
126.634538,365,437.99852
223.522581,365,438.151428
168.186954,365,438.307107
100.691121,365,439.65975
156.750544,365,439.858753
85.87969,365,440.030756
186.613177,365,440.192528
122.869442,365,440.347522
178.55055,365,440.503005
187.414793,365,441.769855
124.223341,365,441.964869
156.489156,365,442.134085
160.65781,365,442.303993
47.661452,365,442.478991
180.714121,365,443.707768
130.143411,365,443.925762
126.674643,365,444.105762
168.116099,365,444.274967
128.128744,365,444.434064
170.849957,365,444.587967
133.414151,365,445.819013
192.872277,365,446.022118
174.935371,365,446.197113
81.926897,365,446.365229
161.440424,365,446.526209
129.878435,365,446.680113
108.353095,365,447.914637
174.505254,365,448.099844
152.51581,365,448.266587
152.791489,365,448.442276
147.830924,365,448.598285
197.927207,365,449.778495
129.107242,365,449.988495
190.172382,365,450.160495
138.289406,365,450.321497
179.945037,365,450.474498
162.178629,365,450.628495
196.253883,365,451.849422
176.48147,365,452.036425
116.882977,365,452.206631
157.790289,365,452.37138
145.55816,365,452.529298
133.401961,365,452.683971
95.286189,365,453.922558
140.116197,365,454.101694
162.858905,365,454.258694
162.088381,365,454.41269
169.651903,365,454.566705
156.010976,365,455.77213
175.396676,365,455.976223
113.035508,365,456.14622
176.844963,365,456.308219
164.209316,365,456.464577
173.589205,365,456.617585
105.004961,365,457.828199
149.152286,365,458.035211
170.511359,365,458.23639
76.273627,365,458.414484
157.920983,365,458.57448
160.954946,365,459.771399
175.89606,365,459.978414
125.604446,365,460.159332
138.369748,365,460.326332
162.078986,365,460.486331
131.389797,365,460.641862
157.95326,365,461.847315
119.919437,365,462.042754
204.720572,365,462.211764
180.903372,365,462.374293
138.001494,365,462.530383
116.271401,365,462.681379
174.604461,365,463.921751
99.382957,365,464.100754
206.410961,365,464.265756
153.692488,365,464.426796
177.234513,365,464.581791
154.504959,365,465.787531
213.915568,365,465.996547
162.219057,365,466.171644
166.84611,365,466.336644
69.823829,365,466.536578
147.536365,365,466.694955
236.364536,365,467.925115
158.980973,365,468.111109
169.854291,365,468.276118
123.96994,365,468.439204
147.455236,365,468.633375
103.053914,365,470.034236
88.353247,365,470.259681
133.830995,365,470.443886
59.928078,365,470.656281
161.650237,365,470.836832
88.139595,365,471.004678
197.073195,365,472.335335
175.679221,365,472.532425
149.537938,365,472.702422
152.041118,365,472.869716
110.283628,365,473.031723
167.556282,365,473.18572
178.293727,365,474.430016
149.518215,365,474.61211
126.832679,365,474.77202
186.817817,365,474.932111
103.757701,365,475.10413
168.089346,365,476.315356
172.303712,365,476.515988
149.774561,365,476.693068
191.538438,365,476.85497
117.793253,365,477.015126
194.719481,365,477.16812
196.661381,365,478.399277
100.126251,365,478.596555
125.418347,365,478.772141
181.073337,365,478.939059
180.13772,365,479.094424
197.531497,365,480.280666
124.345242,365,480.493071
188.111086,365,480.671358
152.717657,365,480.836363
183.81782,365,480.995111
133.988326,365,481.147202
141.171092,365,482.339908
188.783539,365,482.543714
213.260298,365,482.714725
209.8182,365,482.875715
234.259965,365,483.031715
142.624997,365,483.182722
187.499233,365,484.420158
158.18905,365,484.61789
11.802264,365,484.785887
146.130259,365,484.952902
157.732354,365,485.108262
161.295653,365,486.338344
184.220676,365,486.546033
168.005194,365,486.72204
278.295118,365,486.888038
215.621988,365,487.045037
226.096918,365,487.198037
229.081773,365,488.423063
204.764552,365,488.629062
172.141736,365,488.833842
169.714174,365,489.014931
207.9041,365,489.208373
148.70479,365,489.395094
191.974026,365,490.638355
108.17662,365,490.81934
169.311519,365,490.986345
175.419486,365,491.143336
154.352816,365,491.295349
201.603903,365,492.502092
217.866058,365,492.70309
185.438748,365,492.869303
165.897505,365,493.024366
185.342576,365,493.177367
200.417139,365,493.332737
73.173743,365,494.548162
207.437095,365,494.739161
214.615215,365,494.910253
149.075523,365,495.073165
171.530696,365,495.226245
170.003491,365,496.416073
167.566326,365,496.613073
132.93454,365,496.785635
178.998982,365,496.949629
126.798204,365,497.108546
207.004746,365,497.261547
198.478778,365,498.49946
103.852226,365,498.698395
215.303684,365,498.86641
199.308252,365,499.030457
138.278525,365,499.187467
222.894913,365,499.342454
151.973382,365,500.608766
150.44055,365,500.788763
190.239488,365,500.956759
170.449676,365,501.112847
185.582373,365,501.265758
84.408384,365,502.44808
175.769935,365,502.652079
153.700346,365,502.824345
144.555899,365,502.991345
125.915304,365,503.14734
173.7537,365,503.308318
202.723444,365,504.63394
167.790847,365,504.823036
129.237381,365,504.994053
147.978455,365,505.154053
180.107658,365,505.309946
149.78368,365,506.50341
222.780048,365,506.7085
117.048519,365,506.884521
145.806778,365,507.049451
150.389875,365,507.207458
92.135443,365,507.363373
192.829896,365,508.57045
126.771972,365,508.768546
95.237497,365,508.939547
167.926097,365,509.094547
127.858703,365,509.247537
109.532905,365,509.403559
116.508145,365,510.646464
182.308132,365,510.826467
164.260545,365,510.997613
201.900425,365,511.160527
190.877434,365,511.316615
221.430853,365,512.487854
104.923654,365,512.687482
82.48056,365,512.858391
9.687075,365,513.016481
119.693926,365,513.171471
31.004169,365,513.324391
112.559445,365,514.537181
48.417865,365,514.729237
125.710494,365,514.902237
166.772786,365,515.064549
188.88715,365,515.222465
121.924585,365,516.399464
56.831026,365,516.616555
92.418537,365,516.797645
46.495458,365,516.961635
158.230745,365,517.118649
157.569966,365,517.271867
149.062911,365,518.475537
144.197394,365,518.673623
137.844857,365,518.84464
65.919684,365,519.003642
83.697047,365,519.157463
119.155147,365,519.313728
109.418312,365,520.517053
118.128149,365,520.75306
111.583394,365,520.925327
144.968729,365,521.085344
91.591455,365,521.238355
64.268808,365,522.418573
151.691672,365,522.626665
128.964995,365,522.798573
135.244845,365,522.959664
194.436288,365,523.112665
218.447159,365,523.267658
129.278699,365,524.490802
118.907176,365,524.681675
121.997659,365,524.85468
170.200465,365,525.018583
159.662038,365,525.172661
194.992969,365,525.325673
159.526046,365,526.798213
157.463928,365,526.979306
127.228092,365,527.144289
98.610756,365,527.301197
68.497902,365,527.455721
132.286654,365,528.692641
86.966585,365,528.90235
98.493674,365,529.078441
100.485325,365,529.242349
172.420119,365,529.398441
126.056993,365,529.558019
39.859613,365,530.986864
65.067331,365,531.173986
128.998847,365,531.339897
181.591077,365,531.497885
79.48696,365,531.651881
126.904138,365,532.836713
82.817888,365,533.038727
36.037919,365,533.215716
104.415102,365,533.378716
70.267615,365,533.533809
122.355204,365,533.685716
60.179414,365,534.928495
130.477283,365,535.124137
140.383942,365,535.295122
136.09914,365,535.461577
73.599204,365,535.619946
42.385175,365,535.771945
54.022139,365,537.011536
104.562483,365,537.191546
81.673653,365,537.357583
65.400758,365,537.515561
188.143582,365,537.667556
94.333146,365,538.885349
42.660306,365,539.092448
135.401819,365,539.258446
112.712417,365,539.411455
98.142197,365,539.571443
54.681977,365,539.724442
75.382633,365,540.945931
55.567715,365,541.135517
176.969672,365,541.303531
72.095851,365,541.462611
111.452162,365,541.616519
73.694571,365,542.81953
85.870412,365,543.036629
96.468632,365,543.20963
72.794149,365,543.371622
86.730255,365,543.527626
119.833119,365,543.680749
130.264877,365,544.912243
93.734704,365,545.114416
72.794037,365,545.281401
137.854835,365,545.448612
78.387338,365,545.606615
140.749491,365,545.775299
105.698925,365,547.015738
94.450462,365,547.199659
115.57061,365,547.358659
148.778338,365,547.51266
85.814956,365,547.665657
180.395291,365,548.861116
167.173294,365,549.072119
179.949272,365,549.241979
137.696072,365,549.397963
109.652802,365,549.554308
147.035693,365,549.709434
128.081657,365,551.237483
74.170171,365,551.457485
170.603147,365,551.639578
93.876393,365,551.804486
172.234759,365,552.018574
135.518876,365,553.474846
133.733896,365,553.710864
132.272323,365,553.916393
138.772161,365,554.122482
198.889573,365,554.301912
161.388757,365,554.486899
198.686463,365,555.863981
209.302178,365,556.11968
112.46034,365,556.359591
195.749026,365,556.594585
149.065831,365,556.776606
128.379751,365,556.946585
219.449789,365,558.224571
160.882037,365,558.417804
141.656644,365,558.585782
105.558238,365,558.746847
137.122302,365,558.917845
193.537427,365,560.147568
115.034105,365,560.357575
155.097323,365,560.529574
170.51738,365,560.690655
127.817298,365,560.845569
170.149438,365,561.000205
127.322374,365,562.188467
126.680722,365,562.378471
179.120464,365,562.544488
159.163707,365,562.70455
128.432471,365,562.858668
164.00012,365,563.015635
206.270637,365,564.266755
91.995341,365,564.445755
134.920362,365,564.613831
182.244187,365,564.768864
119.262673,365,564.925349
131.303775,365,566.135586
275.068942,365,566.331617
153.049265,365,566.500629
142.897257,365,566.66161
171.445996,365,566.813617
158.759185,365,566.967651
164.274533,365,568.186179
121.743228,365,568.37728
188.882809,365,568.54528
107.075284,365,568.70626
218.329788,365,568.859272
118.350598,365,570.072261
131.310289,365,570.285275
195.252562,365,570.456359
220.180093,365,570.61626
139.491329,365,570.771351
185.69665,365,570.92826
175.178204,365,572.143321
88.166743,365,572.333665
65.967256,365,572.504645
185.498174,365,572.664293
163.671042,365,572.822292
222.061671,365,572.977292
154.442069,365,574.200215
134.064375,365,574.380195
163.791473,365,574.536195
163.161914,365,574.690195
178.857234,365,574.845958
232.37006,365,576.024319
170.152139,365,576.223258
183.56401,365,576.395766
189.122853,365,576.561112
150.917779,365,576.719105
215.041605,365,576.8741
166.069338,365,578.080884
152.609739,365,578.272889
196.46792,365,578.435544
123.634954,365,578.589546
103.618067,365,578.742219
170.602154,365,579.932472
18.697621,365,580.136001
172.13242,365,580.333895
104.019514,365,580.550357
207.041063,365,580.71036
195.816214,365,580.865446
124.987496,365,582.088629
133.667636,365,582.28563
128.547802,365,582.453629
108.556625,365,582.615713
149.723355,365,582.767725
97.157917,365,582.924725
133.834749,365,584.121002
75.547843,365,584.301103
94.369309,365,584.467085
211.723755,365,584.628202
195.837033,365,584.784208
94.839353,365,586.001732
105.901385,365,586.209847
201.965517,365,586.382825
180.436089,365,586.54574
135.188617,365,586.700834
155.945308,365,586.853827
127.348629,365,588.063945
175.50835,365,588.254952
160.146806,365,588.430288
146.782013,365,588.599294
180.984944,365,588.756667
122.383008,365,589.971053
107.995109,365,590.187125
132.841758,365,590.360139
177.805883,365,590.51813
134.312541,365,590.670118
165.348755,365,590.821329
162.644098,365,592.031752
111.655783,365,592.232422
77.912853,365,592.402426
148.493362,365,592.565429
186.839654,365,592.723953
196.142604,365,592.877934
218.215855,365,594.120744
281.433983,365,594.312871
229.80862,365,594.477873
189.59972,365,594.636865
135.683348,365,594.788867
147.399567,365,596.069993
188.021483,365,596.298091
192.31613,365,596.467083
215.563736,365,596.629707
132.562217,365,596.800624
183.008104,365,596.961616
163.833633,365,598.176333
214.617213,365,598.36706
182.606721,365,598.53902
176.275502,365,598.701002
135.713512,365,598.855008
177.26313,365,599.023004
231.062569,365,600.252801
191.797765,365,600.430793
192.563163,365,600.597794
157.034519,365,600.756793
165.387835,365,600.9118
165.583363,365,602.112859
223.371019,365,602.307045
212.847597,365,602.480052
192.460033,365,602.644055
184.752316,365,602.800055
211.363718,365,602.956144
141.713905,365,604.145923
231.326206,365,604.327005
143.472497,365,604.506923
191.98205,365,604.667991
203.713848,365,604.822992
45.181291,365,606.05209
191.252676,365,606.270267
145.317697,365,606.49929
205.169322,365,606.684287
135.728731,365,606.849372
202.108479,365,607.010287
94.401404,365,608.219236
141.305385,365,608.412288
119.810041,365,608.588371
190.262085,365,608.781041
149.853143,365,609.004042
177.041838,365,609.252351
156.359107,365,610.63797
172.359704,365,610.824546
177.281404,365,611.000542
173.84327,365,611.168636
179.160949,365,611.324639
158.137058,365,612.538827
75.06315,365,612.741813
44.193514,365,612.911904
147.084312,365,613.066903
162.029473,365,613.222636
148.071029,365,613.377542
159.884741,365,614.623593
145.564635,365,614.814686
160.848787,365,614.987743
150.041749,365,615.149549
126.132748,365,615.304556
171.80537,365,616.496183
202.291326,365,616.7012
200.330633,365,616.877188
205.195331,365,617.043277
180.687144,365,617.201185
215.642218,365,617.354661
87.263063,365,618.533718
175.903023,365,618.732327
148.32505,365,618.903334
114.218736,365,619.068315
171.921235,365,619.226358
160.696356,365,619.380295
125.403179,365,620.620276
210.107054,365,620.798239
235.979231,365,620.956238
136.248899,365,621.110238
158.314462,365,621.265235
122.410715,365,622.477495
156.391987,365,622.6805
148.575159,365,622.854015
183.783867,365,623.020188
167.404065,365,623.178098
203.692394,365,623.339197
193.596667,365,624.636338
189.283952,365,624.827421
230.263514,365,625.009709
188.847552,365,625.189168
195.104909,365,625.356611
256.747977,365,626.584105
225.598268,365,626.843169
142.152448,365,627.071423
174.028301,365,627.255357
186.540754,365,627.423318
222.325408,365,627.580319
219.997188,365,628.772342
187.595716,365,628.972764
185.877328,365,629.146682
186.108877,365,629.30777
75.529925,365,629.462785
143.355235,365,629.617435
195.649732,365,630.819545
187.722564,365,631.006462
173.50303,365,631.168471
174.830665,365,631.323468
160.164316,365,631.479451
216.394627,365,632.63544
231.987787,365,632.845547
192.276932,365,633.016445
173.742213,365,633.173532
206.027751,365,633.324531
176.378458,365,633.479542
185.099215,365,634.690803
40.448883,365,634.875717
163.75522,365,635.048177
178.349594,365,635.211073
147.235793,365,635.369076
184.061883,365,635.527073
159.690247,365,636.757703
152.940982,365,636.936783
201.321359,365,637.093702
209.296455,365,637.245781
228.528381,365,637.398803
251.565587,365,638.591857
177.340901,365,638.792827
141.993506,365,638.971823
91.523725,365,639.143685
150.851178,365,639.302684
194.184215,365,639.459682
212.174281,365,640.679059
203.731553,365,640.862055
180.18615,365,641.028064
155.331342,365,641.184052
183.721863,365,641.337058
144.78942,365,642.573887
134.533464,365,642.780991
201.967387,365,642.951966
164.885211,365,643.109974
180.941367,365,643.262876
149.997536,365,643.414886
139.924678,365,644.624906
134.969625,365,644.820909
168.17882,365,644.993004
166.999587,365,645.155274
184.995884,365,645.309277
190.082502,365,645.462733
174.487982,365,646.714386
140.437568,365,646.893488
165.266435,365,647.056385
179.859586,365,647.212896
180.264975,365,647.365898
160.034369,365,648.580644
157.041916,365,648.787519
167.184143,365,648.964591
170.552129,365,649.132585
156.531932,365,649.288101
165.103669,365,649.440191
163.294394,365,650.677807
146.36354,365,650.862905
185.394127,365,651.028909
182.914411,365,651.186887
178.527699,365,651.338894
236.733523,365,652.531472
121.368106,365,652.738543
168.06699,365,652.913578
168.012612,365,653.077666
203.484697,365,653.230653
209.400396,365,653.383577
145.779065,365,654.594608
164.703445,365,654.791609
211.777649,365,654.964465
212.020244,365,655.165005
145.043413,365,655.401178
164.174928,365,655.585084
135.714977,365,656.962096
152.390464,365,657.155169
148.107828,365,657.324349
141.629953,365,657.486263
126.656758,365,657.642266
102.946022,365,658.862286
218.226574,365,659.07338
209.659595,365,659.248385
152.597543,365,659.410286
171.016715,365,659.567036
96.851222,365,659.722129
94.789264,365,660.951239
159.393586,365,661.143254
164.386278,365,661.308322
134.777513,365,661.464319
152.180442,365,661.617595
133.4134,365,662.811042
197.782087,365,663.030007
161.671354,365,663.208008
191.209377,365,663.371091
197.141015,365,663.525698
195.840798,365,663.680644
157.860593,365,665.142798
123.520379,365,665.374801
199.341948,365,665.575917
156.121822,365,665.761915
152.139427,365,665.958918
206.893532,365,666.145355
126.565667,365,667.517376
137.587517,365,667.699409
162.162462,365,667.872545
139.685361,365,668.040543
112.709422,365,668.195544
98.234227,365,669.390691
178.007127,365,669.597783
73.662163,365,669.773846
134.162123,365,669.943953
145.644399,365,670.104554
145.030282,365,670.259551
183.547558,365,671.478184
173.54354,365,671.67128
69.940632,365,671.838741
97.319556,365,672.00608
84.912248,365,672.161081
125.286135,365,672.314123
163.978659,365,673.608557
131.130864,365,673.777549
142.162634,365,673.942585
126.778499,365,674.103587
66.458545,365,674.257599
85.835755,365,675.469068
141.604681,365,675.665064
150.729663,365,675.83707
87.102896,365,676.001406
126.73033,365,676.158391
126.517324,365,676.311396
133.108695,365,677.543132
88.116518,365,677.738145
128.863169,365,677.915076
113.349639,365,678.077077
84.586431,365,678.232075
159.485609,365,679.434345
129.544244,365,679.642053
218.226831,365,679.819394
128.017842,365,679.989523
88.878911,365,680.150717
142.986538,365,680.305193
-55.626455,365,681.521929
101.051741,365,681.711931
169.993057,365,681.881018
118.827367,365,682.040026
152.126303,365,682.195064
136.928004,365,682.348159
133.840916,365,683.631573
157.739606,365,683.810565
104.824307,365,683.97157
126.35264,365,684.131716
184.179525,365,684.285801
172.693312,365,685.563885
144.116322,365,685.767983
148.403455,365,685.940887
159.536746,365,686.102971
195.51311,365,686.256768
144.722779,365,686.411438
197.725922,365,687.615758
171.369828,365,687.80276
184.830408,365,687.970838
192.434679,365,688.139861
172.515275,365,688.344748
138.285404,365,689.657917
139.12668,365,689.864983
139.697477,365,690.04098
161.545889,365,690.205001
199.013866,365,690.36084
172.838352,365,690.513845
172.355752,365,691.726313
185.968727,365,691.91675
155.236988,365,692.083833
117.358553,365,692.243746
177.076483,365,692.396823
163.118588,365,692.548743
159.856292,365,693.797805
193.885081,365,693.973805
152.898783,365,694.140907
195.04676,365,694.296808
130.756108,365,694.450809
154.651019,365,695.667588
219.114735,365,695.874855
193.348495,365,696.04785
223.473384,365,696.21185
181.333207,365,696.367209
201.994271,365,696.533036
201.42289,365,697.73267
166.719478,365,697.928785
190.126129,365,698.097726
225.495608,365,698.259726
154.227392,365,698.41374
186.746459,365,699.608926
178.29058,365,699.818843
202.47688,365,699.997919
189.306128,365,700.16201
206.405322,365,700.318012
191.718593,365,700.472167
155.465646,365,701.663267
223.469262,365,701.858219
163.501622,365,702.025215
191.489158,365,702.182211
262.261435,365,702.336207
166.397124,365,702.490433
204.068202,365,703.727273
201.742991,365,703.906379
174.044358,365,704.073878
146.903173,365,704.237864
180.119043,365,704.394989
219.567908,365,705.596678
224.782675,365,705.805214
212.18322,365,705.98616
175.493379,365,706.146249
195.741198,365,706.303743
196.684248,365,706.456795
220.064457,365,707.664014
252.284359,365,707.860004
159.222673,365,708.032002
236.06908,365,708.195
209.077492,365,708.360947
244.766781,365,708.515947
204.750573,365,709.794011
202.633334,365,709.975003
219.317201,365,710.142356
155.816329,365,710.303349
135.57627,365,710.459078
192.149155,365,711.674561
158.38502,365,711.874566
192.302888,365,712.045637
195.688203,365,712.207547
149.898095,365,712.363548
195.166762,365,712.519233
208.722087,365,713.735339
182.49771,365,713.921441
199.365327,365,714.094031
196.484675,365,714.264062
191.742584,365,714.432611
221.592,365,715.676322
166.125098,365,715.889322
144.197988,365,716.065484
223.329189,365,716.230484
156.217247,365,716.391396
201.11314,365,716.547483
227.403643,365,717.752787
170.42851,365,717.949911
223.51196,365,718.120914
178.337067,365,718.292363
118.037314,365,718.490348
233.558055,365,718.665265
197.193239,365,719.909731
232.026109,365,720.089918
183.196332,365,720.256838
229.974053,365,720.418929
173.302943,365,720.575935
180.893212,365,721.773417
201.999116,365,721.970636
177.184891,365,722.139547
105.226615,365,722.303762
122.216177,365,722.465769
220.334514,365,722.621325
219.351139,365,723.849288
137.830496,365,724.036429
158.908847,365,724.206421
172.937603,365,724.366422
107.694408,365,724.541349
147.788164,365,725.732898
141.195472,365,725.941451
119.073515,365,726.120716
231.759187,365,726.288806
175.685281,365,726.451713
248.604274,365,726.608816
197.980014,365,727.812432
208.375502,365,728.01959
245.345689,365,728.192586
183.470397,365,728.372955
199.148206,365,728.557925
172.133356,365,728.724833
252.764644,365,729.988923
174.909019,365,730.168926
113.330418,365,730.336105
163.919162,365,730.499289
163.798516,365,730.657292
187.000937,365,731.84322
133.794572,365,732.047222
260.094901,365,732.220229
213.664293,365,732.382202
232.776797,365,732.542228
131.706192,365,732.694395
137.326029,365,733.892417
200.680388,365,734.101499
161.592952,365,734.307418
189.840755,365,734.469512
168.007033,365,734.625768
184.294143,365,735.792611
167.732301,365,736.00509
145.28733,365,736.186081
171.914264,365,736.353089
194.891389,365,736.513087
126.319393,365,736.669074
251.026633,365,737.899659
139.61307,365,738.100791
141.893187,365,738.272794
177.248833,365,738.436829
149.854553,365,738.597831
245.255782,365,738.752458
206.192495,365,739.982243
194.052131,365,740.16467
172.645856,365,740.331813
243.822,365,740.494843
167.319082,365,740.654741
169.16183,365,741.843399
241.577394,365,742.038496
152.755339,365,742.206496
163.787304,365,742.366508
222.593155,365,742.519415
217.695634,365,742.675481
137.663882,365,743.920022
173.612855,365,744.116026
183.304646,365,744.285055
177.129884,365,744.440117
235.126877,365,744.596025
182.682079,365,744.752377
138.494649,365,745.986299
264.736691,365,746.16335
172.148123,365,746.330435
199.674751,365,746.497491
134.116903,365,746.653508
199.245475,365,747.871187
185.931202,365,748.067191
187.594646,365,748.236538
187.078421,365,748.402537
232.896111,365,748.559618
224.839389,365,748.71754
208.438638,365,749.967111
161.945819,365,750.15011
186.275061,365,750.31611
169.996584,365,750.472284
265.258291,365,750.626194
176.145636,365,751.827631
255.131016,365,752.034633
263.074469,365,752.203633
224.648772,365,752.358824
182.839752,365,752.511821
177.366662,365,752.666462
270.846415,365,753.884246
196.645522,365,754.07363
252.109948,365,754.243634
172.691004,365,754.403629
198.834347,365,754.55863
204.400967,365,754.711483
180.959994,365,755.976048
158.404557,365,756.151034
226.993764,365,756.318053
182.594656,365,756.478207
136.911896,365,756.635108
139.137704,365,757.832622
49.487303,365,758.032709
9.789716,365,758.20371
73.839363,365,758.355627
97.990136,365,758.510702
94.339482,365,758.663715
63.496827,365,759.867531
44.189825,365,760.057626
182.48633,365,760.2218
67.601956,365,760.375802
101.572853,365,760.531565
171.275362,365,761.714466
163.474672,365,761.933663
81.626876,365,762.107668
90.74123,365,762.271648
90.709775,365,762.425654
131.869997,365,762.578659
31.291852,365,763.796711
98.022532,365,763.991184
181.747297,365,764.157205
-16.346758,365,764.323442
107.777123,365,764.516404
143.467162,365,764.678321
168.997196,365,766.054635
168.884361,365,766.235639
147.549712,365,766.410646
152.971681,365,766.607416
168.494144,365,766.771493
171.060757,365,767.995981
139.679856,365,768.200994
193.878693,365,768.377985
153.354257,365,768.56605
148.885771,365,768.744159
191.263075,365,768.918648
177.019199,365,770.183813
216.805068,365,770.37491
146.134649,365,770.543917
153.720602,365,770.705259
196.399783,365,770.860264
140.786156,365,772.033413
149.494052,365,772.235414
70.267452,365,772.413414
173.133913,365,772.57751
182.880481,365,772.733625
173.990797,365,772.890628
152.088086,365,774.098599
151.264152,365,774.301615
130.695487,365,774.474609
41.386565,365,774.637339
134.61281,365,774.794365
195.95866,365,774.949364
150.878415,365,776.192067
183.293078,365,776.374087
191.39119,365,776.541796
195.312091,365,776.705708
205.433593,365,776.860632
209.561174,365,778.072721
225.414998,365,778.275954
218.874939,365,778.450965
152.420467,365,778.61795
129.895591,365,778.775553
155.664189,365,778.932648
182.814313,365,780.162833
180.626184,365,780.365847
162.388844,365,780.529845
194.061912,365,780.683981
181.423813,365,780.837981
195.187685,365,782.095073
179.727594,365,782.306166
159.642001,365,782.480077
132.172219,365,782.641826
170.808127,365,782.796821
149.812692,365,782.952826
189.986774,365,784.136385
201.57661,365,784.337388
149.283978,365,784.531391
95.191654,365,784.698388
126.911912,365,784.857388
38.682583,365,785.015687
162.391191,365,786.267884
142.910325,365,786.456177
157.633368,365,786.628268
131.876486,365,786.790194
157.687152,365,786.949173
152.539179,365,788.155199
177.929901,365,788.354214
141.218995,365,788.529203
139.42667,365,788.694199
122.067493,365,788.849199
89.583163,365,789.006296
161.344345,365,790.219998
119.148797,365,790.410005
140.572657,365,790.576962
157.574351,365,790.731896
178.955044,365,790.888896
166.588268,365,791.041987
108.798179,365,792.253702
116.892195,365,792.431702
146.107531,365,792.596791
149.531077,365,792.755701
189.763499,365,792.911456
168.004279,365,794.11919
192.197436,365,794.318192
107.249567,365,794.487192
178.299732,365,794.641048
209.019689,365,794.794049
191.186529,365,794.949051
147.619564,365,796.192524
138.278113,365,796.384516
136.437592,365,796.56076
102.57633,365,796.731663
224.60606,365,796.895756
168.701284,365,798.118241
190.511628,365,798.330262
162.111135,365,798.501341
202.366595,365,798.667594
151.876753,365,798.828499
236.973299,365,798.991498
177.843106,365,800.199939
169.645451,365,800.395958
149.24321,365,800.562028
206.225312,365,800.720104
160.369278,365,800.876104
205.671051,365,801.029104
117.321121,365,802.277994
226.045472,365,802.453982
176.095692,365,802.617259
246.193913,365,802.771962
246.847586,365,802.926966
183.334891,365,804.150739
243.883809,365,804.359842
232.991084,365,804.528834
217.615559,365,804.685827
174.671238,365,804.836832
193.843064,365,804.990825
146.337203,365,806.223864
195.48446,365,806.414863
209.692903,365,806.578954
159.771614,365,806.737186
157.271058,365,806.89265
169.473141,365,808.097876
245.709444,365,808.307276
208.152624,365,808.484269
207.658994,365,808.648826
211.982198,365,808.806827
233.671721,365,808.962823
206.41216,365,810.177251
213.53984,365,810.394788
227.001878,365,810.593769
214.472109,365,810.756017
238.55475,365,810.917017
185.536089,365,811.073102
203.558699,365,812.307475
202.538867,365,812.487576
182.318215,365,812.653482
207.338003,365,812.808575
170.511914,365,812.963477
117.117283,365,814.160007
246.852621,365,814.359024
195.875049,365,814.533097
221.069865,365,814.698093
162.02982,365,814.858211
214.349504,365,815.013082
172.627076,365,816.228709
235.444697,365,816.422921
202.454466,365,816.585916
272.112621,365,816.738935
193.666872,365,816.895919
270.204577,365,818.081215
208.374745,365,818.300215
183.643109,365,818.474235
230.003631,365,818.643173
157.861528,365,818.801081
200.445905,365,818.960171
251.152795,365,820.157746
217.64601,365,820.361627
237.547645,365,820.532722
203.065711,365,820.689626
205.251064,365,820.86821
210.154104,365,821.063223
200.755007,365,822.280276
160.11972,365,822.465299
179.427209,365,822.634364
184.016554,365,822.80079
184.619146,365,822.961697
168.778198,365,824.161565
200.127088,365,824.376586
191.55662,365,824.55331
227.065125,365,824.71829
206.132536,365,824.879302
207.849094,365,825.033349
225.1308,365,826.262501
241.752244,365,826.490233
212.173311,365,826.664318
186.293324,365,826.880246
175.744096,365,827.059796
223.634981,365,827.232792
146.366662,365,828.481518
186.239999,365,828.666335
150.291835,365,828.835425
189.606578,365,829.007562
149.662425,365,829.165875
153.253384,365,830.405495
216.543476,365,830.605515
138.880159,365,830.771506
44.354962,365,830.93023
129.892182,365,831.093223
143.019489,365,831.245216
161.422321,365,832.45401
196.041316,365,832.641001
184.128342,365,832.807236
153.869361,365,832.968235
137.524922,365,833.123233
95.165624,365,834.303177
102.271343,365,834.513264
109.932315,365,834.687266
192.450959,365,834.841269
239.168902,365,834.996279
173.783311,365,835.148269
154.440466,365,836.362368
160.006292,365,836.556369
181.944763,365,836.725481
178.39832,365,836.888705
113.754071,365,837.045621
200.214975,365,837.197767
178.352762,365,838.411557
226.883849,365,838.597561
176.477165,365,838.765685
166.926424,365,838.936657
267.196865,365,839.119737
202.13828,365,840.804164
178.581125,365,841.030025
224.217386,365,841.213085
165.031086,365,841.379907
128.511133,365,841.611978
217.163971,365,841.807063
202.738358,365,843.09442
200.944945,365,843.349422
233.377987,365,843.575426
252.130839,365,843.804515
224.271565,365,844.041423
253.706392,365,845.418512
233.10428,365,845.657626
224.167912,365,845.852227
239.954372,365,846.026232
204.519923,365,846.186238
214.936044,365,846.342331
211.494983,365,847.709151
200.646229,365,847.927152
187.118618,365,848.102152
180.44407,365,848.262167
248.861492,365,848.416151
253.384664,365,848.571151
214.245294,365,849.821085
243.198349,365,850.003184
181.956883,365,850.171174
233.063221,365,850.328192
223.220045,365,850.483071
272.809794,365,851.695743
192.605049,365,851.896984
206.525883,365,852.068062
210.520704,365,852.221973
193.459683,365,852.376066
225.349444,365,852.529066
219.352201,365,853.766276
272.247399,365,853.960456
177.760037,365,854.125456
196.177925,365,854.282562
195.660099,365,854.440237
269.589706,365,855.622266
223.882143,365,855.838355
196.214032,365,856.014725
238.580408,365,856.181733
221.600477,365,856.365637
171.327669,365,856.551823
176.686821,365,857.750275
240.283644,365,857.952357
209.955402,365,858.127387
176.528294,365,858.292384
260.250354,365,858.449955
204.557456,365,858.604289
225.511512,365,859.834644
212.813865,365,860.021797
234.244541,365,860.187698
227.503421,365,860.344783
202.604764,365,860.497698
247.323601,365,861.674412
221.379812,365,861.888435
236.34545,365,862.061705
191.180016,365,862.220701
235.377204,365,862.374701
196.618661,365,862.527705
237.573747,365,863.733401
233.22724,365,863.92849
261.215554,365,864.099837
213.838487,365,864.261827
199.428751,365,864.415831
206.924251,365,864.572839
204.465846,365,865.891306
228.579828,365,866.0768
281.706864,365,866.240878
161.777614,365,866.396799
188.993891,365,866.551878
226.165716,365,867.798088
157.607183,365,867.998187
217.809947,365,868.169053
243.476844,365,868.334056
195.139575,365,868.494054
172.6833,365,868.649061
197.790276,365,869.874328
185.181497,365,870.061296
224.735967,365,870.228308
242.798148,365,870.389306
201.161008,365,870.542334
228.27608,365,871.73656
215.084952,365,871.949671
185.07274,365,872.14552
188.256797,365,872.336541
173.843602,365,872.497627
200.975153,365,872.65072
204.536107,365,873.868501
186.050895,365,874.061598
231.753209,365,874.219589
191.737976,365,874.370502
168.227357,365,874.5286
166.774573,365,874.682279
129.204767,365,875.904107
156.814339,365,876.083303
179.564888,365,876.247306
135.909136,365,876.404319
186.985875,365,876.559321
205.952682,365,877.744806
136.573646,365,877.952362
157.728258,365,878.128397
117.347808,365,878.295398
143.67371,365,878.451402
173.737454,365,878.605398
192.800384,365,879.819722
209.901478,365,880.014706
150.604969,365,880.178701
211.213639,365,880.331701
149.399608,365,880.487569
164.237339,365,881.694704
243.437048,365,881.896041
181.304184,365,882.074255
183.578449,365,882.240256
123.244536,365,882.397159
201.613852,365,882.552155
146.936232,365,883.751557
172.283291,365,883.949536
222.274663,365,884.119456
100.462037,365,884.281458
154.526686,365,884.433541
206.363612,365,884.591974
186.86236,365,885.824449
194.582742,365,886.01073
201.378859,365,886.170816
217.349003,365,886.328658
151.618054,365,886.481567
251.552964,365,887.658164
151.381405,365,887.863166
195.363113,365,888.039036
191.927619,365,888.199128
244.49319,365,888.356035
206.109736,365,888.509127
136.421327,365,889.721723
129.223405,365,889.915822
195.892319,365,890.083728
185.982448,365,890.249528
171.671993,365,890.404528
112.778314,365,891.589654
144.243539,365,891.791677
186.273069,365,891.972654
168.425867,365,892.129654
204.517346,365,892.283657
195.003104,365,892.43775
195.472753,365,893.617271
182.510211,365,893.808376
182.093517,365,893.979365
140.605839,365,894.14362
173.588386,365,894.301625
218.293674,365,894.454616
175.022405,365,895.698504
131.815509,365,895.884499
137.170917,365,896.053586
145.926113,365,896.214221
175.721788,365,896.373144
209.902715,365,897.61436
189.893317,365,897.82536
210.54527,365,897.997359
132.826741,365,898.153872
122.434786,365,898.30596
212.155908,365,898.464962
130.46002,365,899.669888
142.438639,365,899.867906
113.367709,365,900.036979
180.464844,365,900.194983
215.988448,365,900.347971
95.281152,365,900.502889
169.351343,365,901.720094
216.51057,365,901.901168
125.436699,365,902.05713
215.065502,365,902.211069
208.734231,365,902.373989
174.890035,365,903.840117
177.239809,365,904.040101
224.781836,365,904.21411
211.693423,365,904.375111
166.222796,365,904.591861
163.735942,365,904.826855
189.797598,365,906.145911
183.179869,365,906.334913
215.272065,365,906.504911
195.250404,365,906.66604
219.75075,365,906.820914
133.952029,365,908.017277
234.347696,365,908.224633
229.793061,365,908.400623
191.097191,365,908.567528
180.872609,365,908.723619
199.663455,365,908.880628
177.693625,365,910.099612
241.971305,365,910.294608
178.122671,365,910.464543
164.040978,365,910.631543
241.120848,365,910.790093
145.933021,365,910.945181
172.214196,365,912.16813
147.847947,365,912.348147
152.562948,365,912.505126
186.718074,365,912.660208
177.707962,365,912.81281
135.59462,365,914.012169
289.717538,365,914.213174
192.846854,365,914.382248
181.317534,365,914.544179
222.588588,365,914.700168
172.404435,365,914.85417
196.895634,365,916.096357
207.773244,365,916.286486
200.486634,365,916.452464
125.894304,365,916.614474
167.228102,365,916.767478
187.066822,365,917.94079
230.463633,365,918.192877
185.776739,365,918.380943
193.040813,365,918.549595
168.470216,365,918.71168
212.147346,365,918.863598
154.774979,365,920.067087
151.908884,365,920.271403
177.292034,365,920.441393
202.814773,365,920.604079
199.29266,365,920.766083
263.438598,365,920.921081
181.536324,365,922.454632
198.56588,365,922.707626
208.330325,365,922.921631
210.59854,365,923.107625
201.521647,365,923.279625
180.106717,365,924.699414
128.039525,365,924.908415
143.095116,365,925.088561
105.754215,365,925.255555
192.591135,365,925.456602
139.584041,365,925.629605
181.493516,365,926.880697
175.020609,365,927.072796
125.047078,365,927.251762
157.337465,365,927.472082
117.767477,365,927.650365
217.257428,365,928.874469
153.041196,365,929.084571
186.876874,365,929.258471
217.171624,365,929.419572
179.255621,365,929.585552
229.315887,365,929.74645
181.515323,365,930.954262
202.097849,365,931.158274
176.930111,365,931.324259
213.65922,365,931.478259
122.818161,365,931.631338
139.723751,365,931.785259
166.485567,365,933.042278
155.985679,365,933.221375
167.543361,365,933.387377
153.821946,365,933.547016
229.403596,365,933.70311
117.392045,365,934.890823
179.882504,365,935.095618
172.896461,365,935.266618
189.900149,365,935.427633
192.269388,365,935.58503
216.262357,365,935.73912
175.297827,365,936.950054
151.853554,365,937.144073
219.670115,365,937.310156
192.430733,365,937.469054
154.746967,365,937.623153
157.957884,365,937.777097
204.172139,365,939.025459
205.157528,365,939.206465
188.356097,365,939.371472
162.273504,365,939.530452
222.70418,365,939.688751
151.736399,365,940.884922
54.218789,365,941.088928
177.193346,365,941.25297
136.11801,365,941.407064
188.23769,365,941.560925
188.920991,365,941.713925
166.981053,365,942.938426
138.275689,365,943.123561
176.403451,365,943.293563
146.514939,365,943.457564
153.088722,365,943.616221
172.959837,365,944.780928
131.194377,365,944.989931
175.200003,365,945.166779
192.952316,365,945.321683
171.212997,365,945.473897
155.186088,365,945.627988
186.071101,365,946.829303
145.355482,365,947.030127
147.400522,365,947.201194
207.940389,365,947.363197
174.77372,365,947.524713
147.724647,365,947.681726
174.840638,365,948.964899
207.750204,365,949.140922
147.733975,365,949.298263
214.857672,365,949.450266
217.214295,365,949.620263
110.464456,365,950.809833
100.202157,365,951.014933
126.303058,365,951.188837
163.244108,365,951.352274
200.185786,365,951.511186
146.157787,365,951.665272
170.501676,365,952.91251
164.596999,365,953.101793
239.611309,365,953.269327
159.772222,365,953.433965
169.884677,365,953.591965
158.698635,365,954.783685
68.817552,365,955.008678
154.652894,365,955.219893
176.513414,365,955.439821
182.032953,365,955.647937
191.130012,365,955.817936
182.002398,365,957.072896
181.388498,365,957.271996
168.425336,365,957.440997
136.838144,365,957.602007
179.299711,365,957.758902
172.763428,365,957.914985
169.830024,365,959.143158
153.790804,365,959.325716
119.092137,365,959.492902
158.546622,365,959.656993
173.765359,365,959.814568
161.570114,365,961.005017
155.790354,365,961.210047
145.240532,365,961.381063
137.798816,365,961.537046
143.80407,365,961.69005
145.991933,365,961.844047
165.300073,365,963.082128
187.564727,365,963.272131
205.786683,365,963.430129
101.191034,365,963.585979
148.372729,365,963.739072
125.505413,365,965.106974
185.332499,365,965.317973
98.332967,365,965.488972
127.203194,365,965.648972
110.478852,365,965.823176
192.124282,365,965.982319
189.637024,365,967.210665
172.903888,365,967.407669
193.117742,365,967.577964
192.918098,365,967.737321
163.488991,365,967.900304
149.978467,365,968.055214
217.096992,365,969.284697
126.059433,365,969.469797
167.027394,365,969.639702
165.167919,365,969.801426
180.242401,365,969.959423
121.087009,365,971.162753
103.545681,365,971.366649
203.599817,365,971.545749
242.998794,365,971.703653
177.01138,365,971.856035
202.236159,365,972.014147
212.056266,365,973.251791
175.25153,365,973.445292
230.403902,365,973.612282
178.077611,365,973.769282
145.666016,365,973.926297
201.473319,365,974.079395
224.604073,365,975.308828
179.461675,365,975.485913
206.572096,365,975.640941
214.592301,365,975.795033
219.119285,365,975.94903
200.056,365,977.133096
237.448708,365,977.340974
180.038581,365,977.513965
176.375203,365,977.67998
229.396124,365,977.831969
184.199093,365,977.987981
184.340232,365,979.209034
200.970467,365,979.397044
246.538367,365,979.565122
270.253385,365,979.729117
170.044295,365,979.890979
180.294371,365,981.086794
237.875338,365,981.288447
235.024775,365,981.463445
197.687174,365,981.630528
266.339571,365,981.786539
223.190313,365,981.941823
224.640101,365,983.182575
205.727365,365,983.374421
130.971109,365,983.543744
230.289167,365,983.709382
193.171501,365,983.866378
197.379171,365,984.021618
203.315688,365,985.277892
195.962434,365,985.465188
260.227825,365,985.632188
222.022047,365,985.793188
197.519042,365,985.950184
179.071858,365,987.15704
243.906619,365,987.367026
172.283772,365,987.539109
199.465565,365,987.700342
251.700504,365,987.854251
217.655331,365,988.010442
200.154462,365,989.256444
223.959248,365,989.439454
177.769323,365,989.603124
230.215775,365,989.764107
189.86589,365,989.918166
175.923339,365,991.105499
175.79763,365,991.316515
162.648751,365,991.489505
196.720437,365,991.643596
185.255004,365,991.7975
95.790227,365,991.951592
240.190543,365,993.171649
194.340811,365,993.373646
174.096853,365,993.536858
169.709619,365,993.693861
207.961847,365,993.846871
217.486706,365,994.001856
229.740146,365,995.276404
220.525593,365,995.45849
203.549337,365,995.622502
149.148518,365,995.777504
212.344015,365,995.931502
