#{"t_start": 1754093458.0675297, "env_id": "None"}
r,l,t
-106.715055,365,3.320196
-147.740439,365,3.338191
-175.229506,365,3.4517
-144.320027,365,3.633607
-100.138093,365,3.816609
-101.204209,365,3.991612
-181.046822,365,4.151613
-142.337823,365,4.3269
-173.621625,365,4.506916
-120.018023,365,4.678928
-128.235609,365,4.848005
-132.106785,365,5.016902
-145.075138,365,5.207464
-98.701963,365,5.37139
-145.950812,365,5.535516
-127.522435,365,5.709387
-132.828644,365,5.906418
-120.667852,365,6.082011
-125.930282,365,6.262169
-107.929662,365,6.436321
-59.798402,365,6.624324
-148.39448,365,6.788067
-165.308127,365,6.960048
-28.827398,365,7.13397
-91.886217,365,7.320968
-144.952344,365,7.49397
-146.403498,365,7.66497
-123.658514,365,7.834967
-175.131399,365,8.017971
-78.212013,365,8.182635
-117.654056,365,8.348641
-165.353165,365,8.521641
-143.4551,365,8.705133
-160.460128,365,8.869133
-92.912616,365,9.043135
-124.78601,365,9.212133
-121.038032,365,9.39104
-78.844416,365,9.557604
-110.702034,365,9.743148
-130.8571,365,9.922243
-127.52925,365,10.108378
-99.270791,365,10.276397
-101.968864,365,10.44954
-166.765326,365,10.621272
-76.46306,365,10.804755
-87.57655,365,10.972844
-182.907168,365,11.144667
-149.752464,365,11.315666
-79.482949,365,11.498497
-150.226248,365,11.677697
-114.822425,365,11.854676
-88.813944,365,12.035674
-174.57268,365,12.234744
-84.908501,365,12.428994
-83.301985,365,12.616451
-139.419303,365,12.812717
-56.606484,365,13.025452
-77.351696,365,13.202698
-158.035463,365,13.380938
-146.177921,365,13.549029
-122.933711,365,13.730047
-90.258327,365,13.910146
-172.036873,365,14.082206
-127.319139,365,14.25438
-171.89939,365,14.439377
-154.537122,365,14.616854
-129.151687,365,14.79329
-119.534249,365,14.965187
-84.856673,365,15.152079
-65.165511,365,15.324264
-154.008726,365,15.516183
-138.616753,365,15.720185
-137.830752,365,15.940212
-118.988981,365,16.153183
-109.89989,365,16.360184
-75.623133,365,16.584183
-116.850696,365,16.81252
-130.902272,365,17.02597
-117.247807,365,17.250972
-70.488279,365,17.470973
-112.482982,365,17.700975
-147.399596,365,17.913975
-141.428684,365,18.131055
-82.606438,365,18.345924
-99.593867,365,18.581008
-136.396677,365,18.805811
-118.330858,365,19.017823
-120.586006,365,19.229838
-78.61983,365,19.456732
-127.873144,365,19.685691
-126.437668,365,19.91869
-105.339229,365,20.151437
-105.030466,365,20.392356
-68.040987,365,20.683774
-126.08402,365,20.940773
-173.017682,365,21.182434
-148.653367,365,21.42872
5.431734,365,21.665718
-115.809212,365,21.897722
-12.191802,365,22.128084
-104.473543,365,22.367084
-81.31947,365,22.603177
-110.47549,365,22.824277
-41.502416,365,23.060237
-116.058128,365,23.297312
-116.703745,365,23.522069
-59.212701,365,23.739634
-76.76219,365,23.974622
-56.992318,365,24.226908
-33.485592,365,24.455494
-74.696648,365,24.663494
-97.194789,365,24.878495
-122.375589,365,25.122023
-23.395951,365,25.334231
-134.227719,365,25.553233
-67.57805,365,25.773234
-84.921349,365,26.008248
30.46106,365,26.237236
-155.20758,365,26.452837
-67.782597,365,26.675839
-30.544873,365,26.919274
-49.942215,365,27.139791
-91.63828,365,27.365789
-48.084553,365,27.58068
-15.477352,365,27.81994
-67.164096,365,28.047942
-18.777609,365,28.264962
-118.196937,365,28.488689
-51.81789,365,28.725685
-113.303233,365,28.951873
-42.064458,365,29.176572
-83.375683,365,29.403571
-107.107496,365,29.641572
-106.88966,365,29.864571
-26.909608,365,30.082568
-63.094478,365,30.309741
-154.841823,365,30.546453
-27.444199,365,30.773452
12.684157,365,31.002453
-139.2504,365,31.233977
-66.524608,365,31.505065
-23.959099,365,31.734977
-103.074503,365,31.953977
-23.005812,365,32.182979
-57.461672,365,32.427976
-73.501615,365,32.640202
-71.801487,365,32.868315
-124.218039,365,33.08773
-67.240473,365,33.322505
-68.000621,365,33.561507
-158.64492,365,33.772501
7.000549,365,33.998505
-89.946554,365,34.227521
-70.26693,365,34.449183
-124.428953,365,34.679003
-15.950916,365,34.919008
-59.427033,365,35.190001
-53.156934,365,35.420088
-55.352339,365,35.655463
-65.33906,365,35.884585
-70.918757,365,36.134586
-66.432607,365,36.357518
-16.733038,365,36.573529
-62.208967,365,36.807214
1.015529,365,37.05621
-42.161759,365,37.283814
-105.676811,365,37.59271
20.096182,365,37.846802
-104.667432,365,38.103708
45.161929,365,38.338797
-95.16086,365,38.563341
33.660168,365,38.794291
-69.828983,365,39.042195
-119.191333,365,39.262014
-62.809418,365,39.484904
-11.60275,365,39.713904
-34.653661,365,39.963009
16.135049,365,40.187495
-86.770951,365,40.420605
19.141199,365,40.649503
-106.91284,365,40.893083
-9.497846,365,41.143085
-57.967513,365,41.385177
-125.722875,365,41.620002
-40.219747,365,41.862716
-3.438908,365,42.095943
-128.257219,365,42.322952
-83.429884,365,42.573942
-53.907925,365,42.835815
23.121954,365,43.075934
-29.176751,365,43.302938
-9.306621,365,43.535934
-25.428411,365,43.772951
-6.069219,365,43.995233
-85.417957,365,44.232211
-1.04573,365,44.465337
34.353053,365,44.7137
-55.418741,365,44.9397
34.781623,365,45.182777
-17.872872,365,45.412774
-65.111235,365,45.652698
-17.335013,365,45.883701
2.424696,365,46.122805
-155.587874,365,46.343697
-9.453643,365,46.5877
-67.442338,365,46.820293
-14.257763,365,47.067444
4.490771,365,47.3011
-77.006031,365,47.574105
-22.160302,365,47.807103
0.696464,365,48.042173
-27.110389,365,48.287119
-28.334225,365,48.54111
-21.770692,365,48.787105
-58.164427,365,49.024102
3.066957,365,49.254146
-67.693197,365,49.499656
-9.003688,365,49.724656
-54.913769,365,49.965869
-75.844657,365,50.203873
43.424471,365,50.465512
-68.917229,365,50.709555
-52.274563,365,50.955498
-18.660574,365,51.193473
-21.515007,365,51.427581
-44.176399,365,51.658473
-61.359329,365,51.896472
55.170273,365,52.132478
-16.194369,365,52.378974
-33.948941,365,52.609972
-5.376831,365,52.844973
-67.714641,365,53.080066
5.183083,365,53.33301
-26.140365,365,53.567306
-14.630039,365,53.80229
54.212041,365,54.033291
1.341796,365,54.286986
-41.328827,365,54.522989
13.326831,365,54.77198
-4.447963,365,55.004984
-57.557602,365,55.25461
-19.054404,365,55.492355
-24.656853,365,55.729357
-33.881118,365,55.963807
77.580399,365,56.203805
-3.203196,365,56.446403
-35.306329,365,56.685307
-37.276302,365,56.918307
13.743292,365,57.167324
24.35144,365,57.400304
12.108838,365,57.629654
-21.033831,365,57.87732
-11.609758,365,58.140322
5.418943,365,58.411346
33.015965,365,58.647347
-42.129022,365,58.886253
17.129698,365,59.140996
-41.819,365,59.388114
53.337619,365,59.620042
-103.358989,365,59.84804
-89.608335,365,60.095179
46.382106,365,60.337083
29.793171,365,60.570103
-95.700585,365,60.797103
-61.97874,365,61.0451
50.791959,365,61.274183
-40.116978,365,61.502104
-10.885429,365,61.744103
-34.003553,365,62.007149
-32.769419,365,62.240263
-54.311937,365,62.496368
-16.302014,365,62.793107
37.205924,365,63.04927
-48.514182,365,63.288665
-12.640956,365,63.535662
-39.419733,365,63.788234
-19.095097,365,64.050218
-44.916641,365,64.301133
23.693472,365,64.550033
45.366051,365,64.872385
-2.975411,365,65.145386
25.336927,365,65.443303
27.057244,365,65.709878
17.267227,365,65.974348
-0.343973,365,66.301832
67.347838,365,66.572813
27.776447,365,66.812863
54.304247,365,67.07287
18.333869,365,67.340936
16.97118,365,67.595786
27.653079,365,67.840567
-26.919591,365,68.09666
-7.765226,365,68.365671
39.376419,365,68.619585
-64.748998,365,68.863448
26.604891,365,69.102355
-84.582004,365,69.349316
6.357554,365,69.593312
46.636746,365,69.841786
-32.195894,365,70.090573
2.86053,365,70.349483
74.317847,365,70.597481
91.750441,365,70.853481
27.181301,365,71.103735
-31.461402,365,71.367737
34.930718,365,71.620819
-39.290903,365,71.850818
-7.458129,365,72.098663
3.37372,365,72.354877
-2.055282,365,72.602474
18.74682,365,72.858561
12.605961,365,73.109473
20.087973,365,73.365473
63.134823,365,73.614239
53.117921,365,73.857242
-29.548035,365,74.105341
81.351364,365,74.365345
60.089939,365,74.619354
77.088413,365,74.872356
80.783558,365,75.116364
59.833416,365,75.438371
2.732126,365,75.684181
-8.840284,365,75.938189
0.387254,365,76.179181
-2.110374,365,76.43958
52.379414,365,76.686593
49.511369,365,76.931361
39.532797,365,77.18336
61.822263,365,77.449889
91.858579,365,77.680889
53.550052,365,77.926312
53.854199,365,78.179311
-34.96971,365,78.440072
0.708246,365,78.677155
25.573248,365,78.917184
23.804416,365,79.167375
37.501597,365,79.43806
20.332821,365,79.687128
5.822559,365,79.943844
69.396475,365,80.193841
128.218712,365,80.553536
62.822017,365,80.838531
73.858064,365,81.336713
128.287259,365,81.700711
110.897722,365,82.036465
75.126435,365,82.334847
109.952086,365,82.603446
-26.48659,365,82.899171
68.996977,365,83.184186
31.256473,365,83.450223
30.038405,365,83.795856
27.666815,365,84.136044
89.86831,365,84.443841
57.15314,365,84.703386
43.416504,365,84.967678
95.950024,365,85.227677
-9.930423,365,85.50068
36.246433,365,85.757771
65.389103,365,86.004735
141.391489,365,86.257729
118.270387,365,86.514973
115.439963,365,86.771169
125.816865,365,87.033168
98.325723,365,87.285173
33.980458,365,87.547167
75.289911,365,87.803156
64.366429,365,88.051156
-0.602733,365,88.330914
58.503558,365,88.629858
104.168968,365,88.924156
47.777254,365,89.210437
55.422998,365,89.487431
33.506845,365,89.776935
50.79563,365,90.032945
72.829416,365,90.280294
69.498358,365,90.539048
144.541373,365,90.809046
113.089678,365,91.076062
128.288764,365,91.322059
51.204831,365,91.574063
41.966846,365,91.84453
56.220181,365,92.104444
27.694962,365,92.353443
101.779873,365,92.629627
55.056539,365,92.910628
157.457952,365,93.167196
9.796233,365,93.422049
55.930611,365,93.67705
98.084156,365,93.938028
111.948401,365,94.198002
35.327919,365,94.457984
45.046972,365,94.712065
78.205659,365,94.986387
66.311267,365,95.246296
144.838293,365,95.5083
69.679025,365,95.757386
63.620877,365,96.029565
73.475266,365,96.277564
163.074113,365,96.530562
90.319529,365,96.781181
39.061839,365,97.056747
78.891955,365,97.317441
95.695615,365,97.571525
23.066551,365,97.825558
98.889601,365,98.101644
41.689969,365,98.353554
72.806625,365,98.593555
59.895333,365,98.861683
90.302554,365,99.132352
106.005753,365,99.390352
133.285457,365,99.648188
27.885791,365,99.909187
164.225226,365,100.170363
94.372308,365,100.430891
151.307318,365,100.68662
124.458497,365,100.952619
137.066758,365,101.224671
110.444308,365,101.494285
100.998911,365,101.760802
93.93893,365,102.032891
72.193919,365,102.299806
36.477179,365,102.559975
102.207952,365,102.826241
87.506774,365,103.097244
119.670781,365,103.359245
133.479175,365,103.624242
115.652964,365,103.888044
82.153426,365,104.152042
119.514027,365,104.452746
98.116872,365,104.72173
111.762487,365,104.986869
138.798291,365,105.251873
150.612776,365,105.517192
88.429238,365,105.781215
112.909961,365,106.044193
49.026368,365,106.303419
131.622268,365,106.567134
174.177123,365,106.824725
100.763936,365,107.097173
79.527795,365,107.350104
44.497976,365,107.616177
168.394425,365,107.881068
92.345337,365,108.146068
130.109653,365,108.40476
56.355502,365,108.673761
100.802987,365,108.933183
181.234593,365,109.197188
80.170882,365,109.47091
103.489125,365,109.740911
56.132067,365,110.003011
90.518638,365,110.265912
90.548763,365,110.542646
106.903048,365,110.826632
34.380294,365,111.109864
107.436933,365,111.377782
32.710134,365,111.640774
78.332086,365,111.915777
85.05473,365,112.192868
98.972314,365,112.453253
122.548697,365,112.707253
106.205175,365,112.996926
117.101505,365,113.265951
124.258792,365,113.528953
154.416621,365,113.802958
103.75011,365,114.080497
122.26683,365,114.429807
103.086544,365,114.698809
119.437169,365,114.982495
129.5372,365,115.277348
56.014303,365,115.575486
50.699866,365,115.878744
90.843642,365,116.14574
83.573045,365,116.420765
131.361331,365,116.68491
102.343478,365,116.94863
118.228972,365,117.215793
109.785143,365,117.497386
123.608128,365,117.766155
128.357144,365,118.038231
133.521691,365,118.308146
88.753919,365,118.580303
180.349203,365,118.8433
131.849918,365,119.106418
155.594917,365,119.379418
170.516599,365,119.654419
94.535805,365,119.923927
133.59323,365,120.184336
156.83005,365,120.458664
151.073644,365,120.752774
114.653437,365,121.032768
38.695618,365,121.297765
78.112757,365,121.572768
130.483015,365,121.847839
148.59604,365,122.130839
136.483788,365,122.387842
85.398299,365,122.653841
93.039656,365,122.923843
42.544429,365,123.18438
59.619085,365,123.447067
123.297836,365,123.719275
100.302327,365,124.003368
51.049262,365,124.277366
77.402632,365,124.540942
149.930921,365,124.809941
45.669523,365,125.09094
73.109132,365,125.365311
140.204334,365,125.644003
102.887372,365,125.906004
132.471245,365,126.20596
54.126171,365,126.477472
92.366239,365,126.748353
105.935418,365,127.023176
113.176676,365,127.301284
178.973685,365,127.589199
160.960291,365,127.867288
105.141105,365,128.138295
157.52867,365,128.416287
90.381129,365,128.692776
182.269125,365,128.972778
159.070623,365,129.245777
117.875104,365,129.521778
107.471358,365,129.798781
175.28702,365,130.057973
106.483182,365,130.321971
117.429407,365,130.609631
124.396219,365,130.87563
122.934461,365,131.145785
134.471271,365,131.409724
81.737454,365,131.698949
132.131493,365,131.970537
135.912069,365,132.249537
45.374648,365,132.51454
67.87709,365,132.803943
196.286196,365,133.090837
139.108441,365,133.35784
123.788081,365,133.630839
132.980929,365,133.910837
117.947141,365,134.187816
151.891639,365,134.475949
148.230217,365,134.767948
93.854501,365,135.057949
160.122922,365,135.335208
92.50989,365,135.62221
135.142877,365,135.895295
86.666807,365,136.178207
45.908403,365,136.468663
139.958991,365,136.734581
163.594927,365,137.013868
81.49108,365,137.289805
96.958712,365,137.564447
118.959247,365,137.834451
134.24782,365,138.116189
110.548551,365,138.403193
84.553907,365,138.683134
77.626682,365,138.957964
125.160098,365,139.217045
92.843542,365,139.500144
85.346791,365,139.770786
118.285326,365,140.042706
175.298413,365,140.323792
130.715704,365,140.701778
117.209531,365,141.045774
125.384177,365,141.399775
147.453963,365,141.713775
156.257815,365,142.049774
130.052477,365,142.355774
130.067631,365,142.674777
154.333802,365,143.008774
109.434577,365,143.335794
129.163536,365,143.647774
103.803461,365,143.927777
59.712905,365,144.207367
122.265737,365,144.486229
138.432574,365,144.755233
118.897041,365,145.030982
137.331479,365,145.316979
101.069745,365,145.611073
122.834861,365,145.877072
121.838909,365,146.15708
66.808837,365,146.436832
156.261135,365,146.729838
160.433694,365,146.993048
80.266188,365,147.272786
64.920067,365,147.547806
176.193657,365,147.847956
162.613545,365,148.132962
105.824722,365,148.397956
128.718521,365,148.684045
114.747567,365,148.962959
119.564287,365,149.238698
201.921283,365,149.512628
140.183256,365,149.81654
92.053162,365,150.12254
96.977021,365,150.438331
164.459772,365,150.753801
148.723238,365,151.077585
99.563238,365,151.408622
105.10971,365,151.684641
117.29403,365,151.95781
84.234431,365,152.294811
127.851229,365,152.709811
160.553803,365,153.07592
127.684225,365,153.386772
15.682072,365,153.689071
158.635344,365,153.990108
170.237838,365,154.270106
69.150972,365,154.614125
91.300579,365,155.053104
137.047118,365,155.415109
130.912236,365,155.715202
131.088384,365,155.996349
117.763474,365,156.282865
95.3609,365,156.582671
146.308655,365,156.857672
219.931402,365,157.129166
128.449062,365,157.407847
125.560652,365,157.710956
101.26387,365,158.020957
101.086786,365,158.302473
161.582373,365,158.566541
68.451887,365,158.857458
167.803974,365,159.136542
72.946555,365,159.404454
104.41814,365,159.678546
93.519761,365,159.970449
155.207496,365,160.249344
95.383885,365,160.526384
122.40201,365,160.810683
117.189505,365,161.09943
92.886715,365,161.390269
137.295958,365,161.768134
149.001482,365,162.064129
77.327311,365,162.355212
103.437613,365,162.633156
106.100605,365,162.913244
155.556704,365,163.184241
156.511982,365,163.466174
190.688354,365,163.738345
132.432126,365,164.03696
139.737284,365,164.334956
105.646689,365,164.626849
113.162015,365,164.915308
142.092961,365,165.195325
145.155315,365,165.478586
98.989672,365,165.766588
84.654669,365,166.050444
151.388811,365,166.32736
124.628103,365,166.59336
97.650784,365,166.880534
140.410169,365,167.15951
61.551935,365,167.432531
302.619809,365,167.733536
112.190886,365,168.067375
158.126086,365,168.48991
36.548387,365,168.787911
147.532509,365,169.056002
115.643279,365,169.341912
130.34132,365,169.61838
81.999565,365,169.898371
177.342434,365,170.176371
129.29382,365,170.456318
69.408549,365,170.734295
159.26595,365,171.015104
62.63391,365,171.292186
196.795538,365,171.583307
115.377032,365,171.862304
150.293288,365,172.149868
147.391393,365,172.42499
116.714603,365,172.711911
141.451514,365,172.985909
107.190061,365,173.265907
111.912199,365,173.531924
150.998956,365,173.81966
124.216147,365,174.113657
75.962956,365,174.382695
113.552507,365,174.655698
89.093216,365,174.938778
199.029634,365,175.203843
121.286945,365,175.468908
134.15248,365,175.750824
82.786464,365,176.040826
198.057718,365,176.319909
103.259784,365,176.592706
97.981597,365,176.871798
152.526735,365,177.157706
122.192558,365,177.430729
64.722987,365,177.704707
106.080705,365,177.985425
189.928464,365,178.26333
121.241798,365,178.534332
101.526336,365,178.814411
323.001932,365,179.08833
161.240212,365,179.3812
127.477816,365,179.660098
89.977559,365,179.942195
123.101632,365,180.212185
106.227674,365,180.509286
182.535543,365,180.814281
178.574129,365,181.090456
147.684289,365,181.362436
93.243071,365,181.648429
201.666568,365,181.930664
134.353642,365,182.221857
156.562662,365,182.491845
129.0229,365,182.784843
114.928968,365,183.064193
131.252684,365,183.335065
170.842493,365,183.608065
93.326537,365,183.886742
150.651848,365,184.169825
157.698244,365,184.436821
68.475899,365,184.72682
84.348806,365,185.014821
141.693188,365,185.301533
102.463409,365,185.586535
126.718046,365,185.864536
94.651169,365,186.160399
136.284136,365,186.439489
102.483895,365,186.706396
132.131294,365,186.981693
54.169128,365,187.278693
124.975945,365,187.562696
118.899542,365,187.844694
153.454071,365,188.136692
91.318615,365,188.4157
95.875478,365,188.728918
97.823512,365,189.10396
161.085355,365,189.437811
82.048879,365,189.76824
152.356428,365,190.069006
81.121436,365,190.344004
110.976568,365,190.62367
92.106857,365,190.903669
145.820898,365,191.184683
155.092386,365,191.470869
61.917954,365,191.746886
151.495736,365,192.041951
102.214025,365,192.333612
112.425268,365,192.615853
198.70176,365,192.900713
131.445871,365,193.197644
85.102286,365,193.466554
165.007951,365,193.738551
72.960077,365,194.014552
152.940594,365,194.315646
198.99131,365,194.65665
112.436793,365,194.92865
171.114067,365,195.197113
118.951197,365,195.485957
117.632036,365,195.76596
141.45441,365,196.039004
169.928667,365,196.354081
128.669084,365,196.658084
100.55126,365,196.935224
97.40854,365,197.222131
106.857624,365,197.487138
105.486548,365,197.776131
113.438045,365,198.042225
143.431099,365,198.318288
113.884795,365,198.611371
95.762638,365,198.895462
94.3459,365,199.163458
115.805725,365,199.43446
106.261638,365,199.712275
117.817216,365,200.006265
133.070009,365,200.291475
143.961428,365,200.571653
112.883988,365,200.859661
123.766584,365,201.15505
83.064119,365,201.44953
85.4505,365,201.731662
195.062175,365,202.008128
162.930699,365,202.299839
99.224384,365,202.583842
196.774003,365,202.854845
80.81399,365,203.12984
170.459582,365,203.414605
74.51801,365,203.697382
131.958444,365,203.966831
49.979657,365,204.251824
155.449984,365,204.567943
142.819816,365,204.856561
117.114217,365,205.134431
131.011246,365,205.425416
69.090763,365,205.739618
153.705317,365,206.030619
161.983582,365,206.332209
127.875747,365,206.616741
64.568941,365,206.925654
98.505478,365,207.214652
-70.059312,365,207.545784
111.206167,365,207.881786
122.970069,365,208.195491
112.508403,365,208.487439
139.662989,365,208.768185
65.995827,365,209.045189
85.95024,365,209.329075
93.333091,365,209.604194
119.57255,365,209.876191
172.595715,365,210.156187
107.597516,365,210.44791
113.751582,365,210.733909
93.666702,365,211.016913
174.819956,365,211.284929
-91.191261,365,211.567922
18.202776,365,211.841703
140.909746,365,212.117484
115.018118,365,212.400728
69.99844,365,212.696815
44.069768,365,212.974098
175.304403,365,213.249513
151.15523,365,213.517531
123.667967,365,213.805516
181.450415,365,214.090791
0.090414,365,214.372584
163.894768,365,214.657582
73.834463,365,214.94445
149.732427,365,215.218455
66.537707,365,215.489223
143.213018,365,215.77024
221.673657,365,216.069717
94.746932,365,216.344923
88.097316,365,216.627926
138.563075,365,216.917108
205.900385,365,217.211134
112.62267,365,217.505338
127.88342,365,217.784666
186.889735,365,218.068417
128.162802,365,218.365409
110.117722,365,218.639567
97.862316,365,218.911465
124.0112,365,219.184808
70.508526,365,219.479805
160.869772,365,219.766805
-248.01362,365,220.05172
-53.905439,365,220.32972
119.07905,365,220.620589
105.157149,365,220.892087
78.5173,365,221.171087
78.587448,365,221.445819
138.409412,365,221.74885
76.577625,365,222.025834
131.673405,365,222.300836
79.796653,365,222.570749
112.543842,365,222.855478
143.757583,365,223.140478
142.840067,365,223.412636
87.493805,365,223.683721
63.148562,365,223.97164
109.10607,365,224.243035
135.398662,365,224.518613
96.047681,365,224.797617
136.849057,365,225.096453
76.122013,365,225.38852
149.393738,365,225.668185
153.121376,365,225.945176
67.250661,365,226.241614
153.195638,365,226.537767
95.400607,365,226.827656
87.39532,365,227.108677
125.435517,365,227.396659
79.242521,365,227.667694
166.364448,365,227.939657
104.000223,365,228.223967
101.258892,365,228.50605
123.71224,365,228.782191
141.684286,365,229.056183
70.77606,365,229.341186
86.597996,365,229.62744
82.195156,365,229.908437
84.338007,365,230.190442
126.526474,365,230.467444
162.208461,365,230.759812
177.574458,365,231.045615
106.825949,365,231.331004
124.00344,365,231.607976
120.511328,365,231.883063
114.392527,365,232.158196
136.187835,365,232.43767
161.727595,365,232.70867
164.890638,365,232.990669
154.98921,365,233.269943
140.034813,365,233.547143
117.089991,365,233.831438
189.288483,365,234.114437
160.424253,365,234.392516
154.885728,365,234.652539
160.353798,365,234.928516
125.431821,365,235.28737
171.766731,365,235.567616
145.209659,365,235.847758
125.075525,365,236.12676
149.52967,365,236.422035
112.170209,365,236.707038
167.877324,365,236.991945
93.700316,365,237.269945
117.331743,365,237.554008
88.440605,365,237.838109
131.602088,365,238.127025
197.190747,365,238.412091
177.390441,365,238.687012
155.111416,365,238.95801
167.455546,365,239.227
114.616566,365,239.498001
198.452484,365,239.785006
80.129528,365,240.058999
169.63514,365,240.340776
119.011682,365,240.73178
81.764675,365,241.115964
62.145019,365,241.441947
70.936849,365,241.736671
227.232841,365,242.060703
134.956038,365,242.477929
150.885208,365,242.875333
114.91711,365,243.282705
98.583029,365,243.662691
69.924766,365,244.011709
50.956824,365,244.307779
201.843012,365,244.610936
240.504265,365,244.908937
140.48046,365,245.21994
197.295934,365,245.519027
81.210657,365,245.810936
146.717016,365,246.109936
142.415383,365,246.416939
150.938342,365,246.70302
96.339342,365,246.989968
116.415269,365,247.278061
103.461593,365,247.595062
134.299685,365,247.907064
161.348818,365,248.235702
168.730413,365,248.568441
113.094742,365,248.918439
91.669906,365,249.211524
96.922358,365,249.494508
125.979762,365,249.783508
141.00492,365,250.078508
260.455567,365,250.38077
148.274522,365,250.666266
164.528139,365,250.954546
142.856635,365,251.262545
70.17862,365,251.554635
123.129816,365,251.829728
160.059776,365,252.117633
155.656094,365,252.408635
159.037937,365,252.682635
103.355743,365,252.976608
82.875182,365,253.261693
93.00078,365,253.551606
60.87784,365,253.826609
137.841831,365,254.165168
119.567509,365,254.509171
135.847747,365,254.816278
146.728778,365,255.10472
94.098432,365,255.377716
117.365576,365,255.658904
88.739761,365,255.957042
163.240521,365,256.24512
140.634402,365,256.539615
100.019331,365,256.834523
147.563278,365,257.135438
83.899407,365,257.420438
137.487842,365,257.703445
129.970219,365,257.979441
140.223237,365,258.28218
146.559071,365,258.567178
138.477363,365,258.84915
145.424975,365,259.138151
113.802085,365,259.43234
136.365133,365,259.715251
67.450108,365,260.010251
88.265671,365,260.301775
147.957222,365,260.645091
168.826829,365,260.958629
96.038609,365,261.254711
154.279465,365,261.544731
124.031233,365,261.855726
117.95481,365,262.142536
107.706576,365,262.428477
93.854291,365,262.764411
106.499928,365,263.093429
199.428066,365,263.400518
103.387399,365,263.693811
124.110458,365,264.015804
127.149453,365,264.32682
122.976264,365,264.6249
175.229426,365,264.941475
201.13902,365,265.254471
173.442935,365,265.552471
151.763302,365,265.854685
125.569559,365,266.15866
110.893582,365,266.454668
154.385882,365,266.767664
202.81984,365,267.063177
163.893647,365,267.364404
216.388617,365,267.658402
57.566765,365,267.973642
129.15157,365,268.273656
166.373728,365,268.569897
207.341027,365,268.882812
160.732395,365,269.19456
82.128288,365,269.501769
148.134868,365,269.805771
158.939542,365,270.099768
177.5819,365,270.403806
74.997564,365,270.695841
78.803982,365,270.994833
140.56375,365,271.292834
133.536581,365,271.611391
152.523589,365,271.917069
138.951668,365,272.222061
115.807032,365,272.577097
129.649264,365,272.923903
85.289157,365,273.240224
159.860347,365,273.532313
123.664528,365,273.834267
143.068085,365,274.15923
161.741213,365,274.472319
127.618939,365,274.795307
165.205897,365,275.098773
164.700048,365,275.417867
120.099098,365,275.699451
110.971716,365,275.995953
144.988357,365,276.302858
141.859035,365,276.608628
185.237577,365,276.90022
198.797393,365,277.192316
168.50201,365,277.474436
156.646803,365,277.770325
144.54328,365,278.058864
170.710745,365,278.354954
71.765202,365,278.649048
168.067776,365,278.946514
143.383254,365,279.232514
196.726283,365,279.512523
99.988666,365,279.793521
87.897347,365,280.082689
104.136639,365,280.358688
161.48234,365,280.635688
121.631413,365,280.92666
105.6863,365,281.233012
135.716273,365,281.521794
146.30256,365,281.808196
170.088142,365,282.087217
139.453753,365,282.382199
120.214118,365,282.663025
163.102271,365,282.958992
172.487955,365,283.245953
171.217738,365,283.544021
129.397627,365,283.828985
159.32659,365,284.103362
168.342857,365,284.385406
78.392493,365,284.683998
161.683687,365,284.962997
82.425469,365,285.239082
159.9538,365,285.522732
110.941789,365,285.84671
169.907854,365,286.138707
194.860788,365,286.427711
136.183818,365,286.712707
154.811643,365,287.010903
147.551708,365,287.296703
131.245325,365,287.583702
114.643112,365,287.866699
192.330432,365,288.173141
135.207984,365,288.489657
93.730354,365,288.778289
161.349685,365,289.059284
148.44267,365,289.352367
170.376626,365,289.634506
58.065687,365,289.910505
207.915081,365,290.206505
165.294045,365,290.490505
80.460895,365,290.778624
162.082564,365,291.061539
139.807209,365,291.337866
160.132652,365,291.620861
188.469051,365,291.899772
167.829401,365,292.189857
149.914057,365,292.472834
180.707472,365,292.768601
133.537625,365,293.059604
173.797511,365,293.347265
165.256235,365,293.637331
131.876253,365,293.952331
148.739505,365,294.295327
168.710825,365,294.602329
185.717564,365,294.889411
133.292113,365,295.200288
111.709577,365,295.495369
180.506526,365,295.77406
184.357839,365,296.055062
144.03675,365,296.345844
148.764575,365,296.639384
95.528862,365,296.910687
171.679709,365,297.254417
182.203237,365,297.704529
75.551479,365,298.025218
143.92063,365,298.319079
150.162592,365,298.605076
86.722711,365,298.896964
142.294064,365,299.20243
158.384283,365,299.488716
163.802952,365,299.762056
116.297927,365,300.0542
186.100822,365,300.343738
80.573924,365,300.634307
117.879472,365,300.910595
71.369922,365,301.200681
71.445798,365,301.48615
90.420354,365,301.778236
153.166064,365,302.080244
131.184505,365,302.371158
169.649955,365,302.647257
133.704444,365,302.938123
53.608436,365,303.231874
171.053745,365,303.526877
135.814743,365,303.796962
152.614796,365,304.085515
84.74928,365,304.364815
181.612464,365,304.658729
165.993955,365,304.947734
147.148235,365,305.230812
154.019478,365,305.522317
122.266261,365,305.822409
261.453522,365,306.117409
115.24239,365,306.397213
289.723589,365,306.783681
167.949007,365,307.176092
105.89755,365,307.542001
97.862586,365,307.935
169.818184,365,308.416
158.890278,365,308.810997
168.34119,365,309.217001
140.737659,365,309.555021
157.739981,365,309.886045
140.123432,365,310.308784
226.134818,365,310.606508
184.66972,365,310.890693
137.010957,365,311.180828
187.974157,365,311.473909
155.977989,365,311.773287
166.390349,365,312.056374
164.448905,365,312.334387
145.48022,365,312.618292
191.083177,365,312.90295
131.325881,365,313.185032
153.077756,365,313.469549
135.42754,365,313.754986
140.698915,365,314.050058
155.292792,365,314.335075
193.69248,365,314.6224
156.532855,365,314.918409
201.878906,365,315.201483
254.427274,365,315.471196
168.706486,365,315.748195
119.698727,365,316.04506
175.385452,365,316.32697
126.513691,365,316.61069
169.997432,365,316.894049
146.504791,365,317.190048
206.632425,365,317.47005
149.034989,365,317.750054
145.543997,365,318.026153
230.727818,365,318.330132
99.684335,365,318.653134
183.668584,365,318.973411
205.175341,365,319.301759
127.742203,365,319.621861
168.106266,365,319.916807
143.861277,365,320.210727
157.394596,365,320.517015
188.16587,365,320.839039
150.813653,365,321.137015
101.87799,365,321.422194
156.60642,365,321.752212
183.414235,365,322.074212
213.503278,365,322.367323
190.382701,365,322.646648
191.192693,365,322.931648
145.723949,365,323.234206
131.694674,365,323.555183
184.209126,365,323.898296
153.88022,365,324.186183
173.75417,365,324.493369
201.681984,365,324.779373
158.993588,365,325.073431
141.277512,365,325.356461
126.039755,365,325.653988
108.290101,365,325.954098
111.071985,365,326.243183
119.289737,365,326.514743
119.641452,365,326.815659
243.7103,365,327.109231
152.140725,365,327.400233
111.672648,365,327.681456
169.037517,365,327.959373
140.23649,365,328.245373
161.97463,365,328.533085
90.885163,365,328.810087
160.564551,365,329.105958
168.282105,365,329.396046
144.592536,365,329.668961
166.076175,365,329.951966
161.92502,365,330.248962
189.313839,365,330.538122
190.493984,365,330.835485
112.571239,365,331.131088
176.125977,365,331.419108
156.819401,365,331.709097
148.851078,365,331.994538
178.672483,365,332.278625
187.021091,365,332.568634
193.998024,365,332.833539
145.549279,365,333.113206
52.446386,365,333.404289
89.251379,365,333.700207
166.603406,365,333.994751
205.953809,365,334.305753
174.689753,365,334.616299
151.04763,365,334.904387
198.594464,365,335.193387
75.305707,365,335.475299
124.282886,365,335.767902
183.372363,365,336.06761
93.592517,365,336.363677
203.905754,365,336.656867
132.235468,365,336.956113
177.921445,365,337.267112
110.507636,365,337.578116
140.991496,365,337.894201
293.177502,365,338.2143
167.565436,365,338.5323
127.263663,365,338.839412
152.430898,365,339.133291
127.692327,365,339.416207
108.896302,365,339.712208
134.682613,365,339.995934
102.831711,365,340.27692
198.042667,365,340.56293
214.537798,365,340.866579
122.381081,365,341.146403
218.488438,365,341.437213
115.71032,365,341.721213
161.65586,365,342.020211
122.986769,365,342.297741
113.172241,365,342.587956
35.248811,365,342.879044
137.190404,365,343.17171
119.208906,365,343.45685
97.400017,365,343.736841
84.082791,365,344.02928
111.274112,365,344.328349
191.015369,365,344.609825
114.57364,365,344.905366
197.740907,365,345.193439
136.737423,365,345.482807
104.082631,365,345.772808
157.345798,365,346.071192
147.793894,365,346.354104
112.821386,365,346.651112
166.086763,365,346.937376
20.799964,365,347.218372
176.232087,365,347.489371
67.385372,365,347.784498
139.000167,365,348.070589
190.537941,365,348.360431
136.575027,365,348.638519
215.627084,365,348.927521
149.32374,365,349.211521
134.82131,365,349.495651
223.378162,365,349.783762
100.083982,365,350.081556
129.696509,365,350.381553
111.061298,365,350.665823
154.396033,365,350.958597
114.715308,365,351.317039
221.722524,365,351.606812
167.925732,365,351.902735
-7.739603,365,352.19358
161.855707,365,352.50158
164.56515,365,352.786164
234.367002,365,353.068147
171.634343,365,353.359231
110.536473,365,353.653817
114.194776,365,353.939818
204.198467,365,354.228819
144.957267,365,354.499817
239.820169,365,354.789817
195.175551,365,355.080394
-25.059388,365,355.483032
133.015784,365,355.856258
116.27076,365,356.220339
131.096521,365,356.52136
97.089338,365,356.824188
174.92682,365,357.142008
187.332344,365,357.436989
-143.840348,365,357.714809
132.260291,365,358.006806
168.189858,365,358.314185
161.957192,365,358.620154
169.683552,365,358.907242
174.520849,365,359.189217
211.178855,365,359.469215
186.245621,365,359.762762
97.866345,365,360.046764
187.609471,365,360.332881
154.612184,365,360.611292
43.468422,365,360.913295
-43.740318,365,361.216882
200.432895,365,361.506884
212.8497,365,361.791662
135.532247,365,362.093758
78.130909,365,362.384667
115.983814,365,362.725603
128.267825,365,363.019634
166.076853,365,363.331415
211.29633,365,363.620188
140.399217,365,363.910186
177.037617,365,364.198031
106.025451,365,364.519194
44.428634,365,364.886413
-25.006899,365,365.208343
222.778381,365,365.496342
202.236214,365,365.801752
121.019815,365,366.102582
112.532993,365,366.40658
142.574917,365,366.692602
164.501847,365,366.985808
179.808015,365,367.277747
194.968159,365,367.562149
169.716843,365,367.856565
194.103974,365,368.152658
171.583969,365,368.426646
86.00843,365,368.712828
222.69195,365,368.996827
187.62966,365,369.291827
218.307337,365,369.581365
139.101244,365,369.867664
187.155441,365,370.153384
195.45094,365,370.458185
109.01594,365,370.738326
83.775811,365,371.01033
230.565345,365,371.294956
158.025617,365,371.592162
152.354475,365,371.87308
205.888684,365,372.156197
163.867619,365,372.438086
188.687314,365,372.736247
225.044334,365,373.022763
137.02371,365,373.307187
178.408358,365,373.598187
125.069876,365,373.889201
175.752977,365,374.169981
111.393495,365,374.461898
157.30393,365,374.740905
164.87824,365,375.04235
134.783731,365,375.314459
-120.271618,365,375.595161
123.336988,365,375.880184
187.236069,365,376.177267
112.165632,365,376.459271
161.854496,365,376.748792
147.244676,365,377.037438
187.22605,365,377.334892
171.875566,365,377.609902
156.482379,365,377.888892
187.176588,365,378.179489
178.718757,365,378.473789
121.332031,365,378.766933
5.010997,365,379.059933
67.806839,365,379.341946
154.614014,365,379.638856
100.502244,365,379.914939
120.042841,365,380.21351
44.125582,365,380.550088
73.378404,365,380.97195
148.826986,365,381.301161
173.557683,365,381.605694
133.693728,365,381.963359
178.979151,365,382.466707
141.12103,365,382.81332
44.659403,365,383.15332
120.707309,365,383.602448
163.250879,365,383.962449
78.032513,365,384.258088
132.510301,365,384.558
144.657582,365,384.840991
85.071692,365,385.136981
92.549039,365,385.435539
174.530538,365,385.72954
121.947441,365,386.0246
104.65492,365,386.335618
141.109103,365,386.618685
96.34336,365,386.896658
110.74379,365,387.17901
177.412197,365,387.491002
143.642866,365,387.786467
219.218383,365,388.06539
145.668754,365,388.35467
138.882112,365,388.654674
129.010751,365,388.930673
192.546799,365,389.222018
139.3723,365,389.502124
214.320939,365,389.808103
-189.484454,365,390.097105
181.652805,365,390.398099
154.180739,365,390.701103
47.391058,365,390.999132
171.357219,365,391.285905
143.345253,365,391.633905
86.871137,365,391.943611
210.587706,365,392.271611
134.637039,365,392.588827
237.388593,365,392.887827
58.993654,365,393.186321
223.921796,365,393.490407
127.41606,365,393.795178
218.932984,365,394.085292
137.348532,365,394.36197
104.388757,365,394.661992
202.81412,365,394.95097
115.065487,365,395.228438
186.10545,365,395.516937
82.765075,365,395.820549
173.513282,365,396.120337
-78.216739,365,396.413616
156.434569,365,396.706142
195.222374,365,397.004652
-81.25294,365,397.311825
172.285668,365,397.629026
157.421482,365,397.925934
174.810379,365,398.225214
103.298024,365,398.514788
-61.696588,365,398.814739
138.127293,365,399.102746
150.619965,365,399.401747
160.640366,365,399.688746
247.17554,365,399.972289
-98.337278,365,400.279287
34.597035,365,400.579412
207.072101,365,400.867448
106.075891,365,401.147707
186.920287,365,401.430933
266.181234,365,401.737916
171.704459,365,402.037917
155.495598,365,402.326856
163.174003,365,402.624025
187.827696,365,402.914364
140.147209,365,403.194361
149.897756,365,403.491738
152.78306,365,403.772735
148.0786,365,404.082393
-24.105703,365,404.355478
236.183091,365,404.643156
162.792787,365,404.942069
164.272422,365,405.23532
150.850425,365,405.527615
157.813789,365,405.823886
207.845245,365,406.126884
187.277784,365,406.420712
152.281976,365,406.707729
193.915272,365,407.001291
36.327989,365,407.301291
182.030693,365,407.589292
189.2678,365,407.871669
134.643139,365,408.155469
132.670863,365,408.44847
193.657473,365,408.749892
148.14026,365,409.044803
-38.365623,365,409.31789
154.723444,365,409.602286
135.551804,365,409.886369
89.134757,365,410.171405
136.479233,365,410.462405
229.986677,365,410.781441
-106.210392,365,411.097592
-198.12132,365,411.393046
187.430165,365,411.682207
117.856523,365,411.967116
179.786342,365,412.259061
75.924864,365,412.542079
200.854491,365,412.825141
174.10011,365,413.104057
65.39088,365,413.406845
155.143291,365,413.697994
160.133436,365,413.982644
146.907526,365,414.275639
186.699902,365,414.56716
161.230174,365,414.852162
107.659281,365,415.137924
173.624826,365,415.422435
72.577547,365,415.716591
189.395137,365,416.04758
138.173696,365,416.348646
141.462681,365,416.641563
180.331813,365,416.924652
186.213041,365,417.208666
103.369749,365,417.491565
224.415188,365,417.76866
159.522125,365,418.059663
140.997246,365,418.332744
159.261711,365,418.614669
179.145601,365,418.89466
175.6935,365,419.192257
127.716101,365,419.481165
147.463238,365,419.76171
150.539481,365,420.048713
162.953078,365,420.337176
169.865296,365,420.641358
208.898268,365,420.929038
169.14429,365,421.213692
177.101137,365,421.526762
192.734047,365,421.818284
197.602983,365,422.161263
138.807427,365,422.500464
181.462373,365,422.808876
187.518359,365,423.095153
171.160332,365,423.386083
106.385859,365,423.672079
202.788705,365,423.974054
101.454993,365,424.266057
229.152132,365,424.544504
162.47637,365,424.828861
188.404889,365,425.120953
142.611169,365,425.418338
172.014301,365,425.698356
-160.814862,365,425.982149
199.720163,365,426.312371
203.379744,365,426.671391
252.922003,365,426.964203
214.00908,365,427.277365
169.042237,365,427.582367
-153.548176,365,427.874366
201.204065,365,428.170371
155.878267,365,428.452368
188.228289,365,428.732832
190.383843,365,429.037914
194.32745,365,429.312915
162.384386,365,429.597548
123.385573,365,429.89566
189.825981,365,430.17596
161.996132,365,430.466129
163.744373,365,430.760037
213.955322,365,431.05503
127.6122,365,431.353966
202.223445,365,431.645965
180.522627,365,431.937496
197.962774,365,432.237499
182.749113,365,432.523496
121.760085,365,432.806019
128.227734,365,433.096021
129.922753,365,433.39311
153.409798,365,433.67202
146.892069,365,433.954019
177.065401,365,434.240001
240.91554,365,434.537094
183.827795,365,434.831096
174.013155,365,435.114039
122.75809,365,435.39387
95.977197,365,435.695872
128.686028,365,435.980779
169.062253,365,436.265778
210.580845,365,436.544162
170.938992,365,436.842881
120.417166,365,437.130794
192.598061,365,437.411884
162.701478,365,437.69951
155.781197,365,438.001597
168.595881,365,438.283309
253.300689,365,438.565342
118.869405,365,438.842304
23.629137,365,439.148403
50.374348,365,439.424391
63.068056,365,439.702412
133.195774,365,439.992414
10.945048,365,440.28761
96.177125,365,440.570135
181.599392,365,440.850819
203.304333,365,441.146821
139.45896,365,441.457818
140.670334,365,441.751614
97.24932,365,442.044527
86.373493,365,442.333566
181.906359,365,442.63155
76.724033,365,442.905637
134.414306,365,443.191568
136.511688,365,443.484484
118.624991,365,443.786754
103.121096,365,444.069752
149.855624,365,444.355487
123.402404,365,444.642504
167.204349,365,444.937214
88.21313,365,445.223217
145.950536,365,445.502554
86.32116,365,445.784556
196.962066,365,446.0778
121.364578,365,446.359592
20.224486,365,446.650485
231.27849,365,446.937836
12.405505,365,447.235842
149.401024,365,447.546931
191.727718,365,447.828841
226.211081,365,448.126666
186.951212,365,448.43058
150.99025,365,448.719486
261.052835,365,448.986506
158.074824,365,449.286748
-86.12135,365,449.588745
130.131799,365,449.869747
132.343177,365,450.165522
163.690245,365,450.451793
-36.210865,365,450.744797
112.756913,365,451.041842
163.645661,365,451.319911
194.530514,365,451.60682
148.958206,365,451.899726
212.86883,365,452.181031
163.441671,365,452.471012
228.802753,365,452.756096
87.227888,365,453.053005
207.862898,365,453.344507
245.170451,365,453.627513
221.737445,365,453.914624
177.578312,365,454.205624
188.848445,365,454.497211
205.422246,365,454.771208
283.952909,365,455.044301
150.216157,365,455.328212
145.697878,365,455.611215
195.985463,365,455.889868
212.667832,365,456.187884
208.087475,365,456.483885
168.942132,365,456.786409
254.141674,365,457.13043
161.795701,365,457.464084
183.076869,365,457.771084
140.412577,365,458.053069
118.189272,365,458.340067
159.291449,365,458.614307
215.983421,365,458.912307
223.677281,365,459.20041
239.946539,365,459.481658
257.745491,365,459.767575
262.705489,365,460.063764
146.589267,365,460.346766
189.231173,365,460.622766
215.711843,365,460.900763
135.952943,365,461.19653
248.314881,365,461.482013
293.891071,365,461.775997
198.755083,365,462.057431
214.949539,365,462.349338
154.364341,365,462.634815
212.628124,365,462.917596
202.774003,365,463.215156
222.377077,365,463.520412
156.066095,365,463.805436
107.452209,365,464.087328
268.506635,365,464.374409
-76.290599,365,464.673651
229.467676,365,464.969714
187.677144,365,465.249712
183.768446,365,465.524015
218.828615,365,465.818012
166.2043,365,466.102014
143.702825,365,466.385014
249.532623,365,466.673011
258.091276,365,466.97142
235.263944,365,467.273429
153.807178,365,467.557437
210.128488,365,467.893356
131.054411,365,468.20307
0.892156,365,468.502073
121.386359,365,468.788383
165.949761,365,469.122783
101.145796,365,469.575735
-11.116614,365,469.945083
209.606544,365,470.224085
184.425777,365,470.504992
85.503375,365,470.79962
218.181377,365,471.097848
209.018883,365,471.380915
-4.39547,365,471.669931
132.409754,365,471.957713
116.273899,365,472.270137
244.733701,365,472.575792
223.655415,365,472.864788
48.70121,365,473.154788
165.139443,365,473.43879
194.272215,365,473.725536
-35.464875,365,474.012424
262.353976,365,474.31069
229.64922,365,474.594712
130.88905,365,474.88069
205.433329,365,475.182895
139.703989,365,475.472965
192.982777,365,475.750877
216.011161,365,476.026006
86.242293,365,476.298196
120.110329,365,476.600162
184.715426,365,476.87826
205.110305,365,477.16133
198.904151,365,477.439328
204.442364,365,477.730523
211.0452,365,478.015531
303.039581,365,478.302598
172.369263,365,478.595363
236.618038,365,478.886367
203.823556,365,479.167056
205.676027,365,479.456061
204.55066,365,479.745059
209.559063,365,480.042143
237.724559,365,480.332092
243.670308,365,480.625084
281.153078,365,480.913166
279.267171,365,481.212077
197.479464,365,481.496074
152.065459,365,481.778829
187.162907,365,482.079744
208.003899,365,482.377739
147.538015,365,482.656736
180.847057,365,482.95228
239.305604,365,483.246287
186.282796,365,483.542398
203.28375,365,483.841024
214.197984,365,484.126098
211.083215,365,484.402585
22.418967,365,484.692593
201.344943,365,484.982857
169.406798,365,485.269854
107.11293,365,485.563151
191.476891,365,485.859931
108.400744,365,486.148915
156.287524,365,486.430915
271.284078,365,486.711914
277.31099,365,487.00627
159.579383,365,487.283643
219.53343,365,487.579387
186.51678,365,487.870385
163.514422,365,488.154299
-67.37542,365,488.444299
134.875007,365,488.728169
173.629652,365,489.017173
204.674289,365,489.318134
196.630369,365,489.609478
183.06085,365,489.904477
150.197727,365,490.198704
199.226326,365,490.500804
204.829672,365,490.782723
243.486312,365,491.059939
200.409373,365,491.343416
124.899846,365,491.644531
267.320642,365,491.923357
280.28396,365,492.219356
173.992972,365,492.523672
204.35979,365,492.832756
208.581113,365,493.13172
158.304281,365,493.423779
215.361884,365,493.719017
158.056228,365,494.009953
198.964081,365,494.298953
191.379112,365,494.577967
225.437131,365,494.861952
170.9887,365,495.172171
190.938896,365,495.456002
256.522225,365,495.742
165.907809,365,496.032717
127.578987,365,496.342768
256.380183,365,496.627767
103.277349,365,496.922358
164.469047,365,497.218741
69.729227,365,497.523742
209.789464,365,497.80474
151.882138,365,498.096305
210.835985,365,498.387327
193.01126,365,498.689819
169.72251,365,498.972575
229.390359,365,499.251877
194.951275,365,499.538007
206.21653,365,499.842927
91.987152,365,500.116919
87.924289,365,500.39592
151.357923,365,500.736438
104.376565,365,501.105722
162.675094,365,501.453725
95.096693,365,501.799721
125.371117,365,502.158726
93.147871,365,502.542315
180.433591,365,502.904305
155.79652,365,503.274308
141.92193,365,503.631305
65.784156,365,503.988321
96.400335,365,504.334308
137.349626,365,504.687324
102.857533,365,505.020304
84.881572,365,505.389307
-297.631468,365,505.738594
54.36334,365,506.083597
119.79101,365,506.423597
93.382316,365,506.782908
65.685517,365,507.146909
160.365294,365,507.491907
171.315815,365,507.892911
197.926228,365,508.25791
143.040853,365,508.596909
118.677689,365,508.933909
96.473357,365,509.269907
113.843165,365,509.623909
243.78359,365,509.973907
142.556843,365,510.316906
182.751956,365,510.663906
214.25789,365,511.070907
208.303998,365,511.45196
201.403364,365,511.801384
-209.531805,365,512.167382
230.267588,365,512.527384
22.200911,365,512.86388
188.466559,365,513.215884
164.962663,365,513.586216
255.229309,365,514.024645
200.270194,365,514.437826
184.632657,365,514.903809
-209.191808,365,515.399833
194.061621,365,515.955732
160.595294,365,516.454733
194.216109,365,516.916731
124.600537,365,517.382734
169.345206,365,517.896147
-140.282038,365,518.398184
227.571213,365,518.913527
183.551402,365,519.361809
208.257889,365,519.688344
218.211493,365,519.997322
141.533625,365,520.289504
287.880822,365,520.569422
192.047221,365,520.903959
250.117662,365,521.222474
218.385436,365,521.517565
120.733821,365,521.811566
206.831029,365,522.127167
166.758303,365,522.429181
193.120441,365,522.761678
133.804649,365,523.07868
176.165119,365,523.365677
71.597226,365,523.649679
128.257631,365,523.930677
169.856389,365,524.208688
217.195371,365,524.504539
173.736721,365,524.786443
248.194113,365,525.079445
234.721926,365,525.371294
246.360247,365,525.657194
174.331247,365,525.94716
193.100957,365,526.235258
178.969291,365,526.514162
93.307083,365,526.800881
224.040973,365,527.091768
189.111136,365,527.38919
164.54077,365,527.683474
229.495248,365,527.989581
256.8597,365,528.285686
226.018889,365,528.575418
234.157216,365,528.868509
181.189793,365,529.162859
263.175643,365,529.433428
76.010627,365,529.717426
238.307058,365,529.998507
248.193454,365,530.297446
52.590016,365,530.585424
237.894659,365,530.864175
187.416669,365,531.152686
216.141296,365,531.440693
262.400405,365,531.734514
236.267014,365,532.022523
244.283818,365,532.305123
50.246892,365,532.596146
227.044562,365,532.879006
185.454001,365,533.157008
205.585406,365,533.435009
316.145116,365,533.727592
231.619585,365,534.008587
210.695361,365,534.292609
-139.067699,365,534.579222
260.041775,365,534.896125
184.793804,365,535.185226
190.730873,365,535.483586
188.791486,365,535.794458
179.64349,365,536.099691
298.405318,365,536.393564
257.846433,365,536.688647
225.475688,365,536.961563
171.267624,365,537.25263
241.546595,365,537.550011
125.912004,365,537.836509
271.662144,365,538.127505
178.627983,365,538.419241
67.78443,365,538.706254
189.245621,365,538.982894
198.27456,365,539.273807
176.477575,365,539.554808
229.941915,365,539.83481
188.527177,365,540.121806
261.135251,365,540.401838
128.799218,365,540.695922
260.279425,365,540.961017
226.181741,365,541.253038
238.770045,365,541.548616
278.788084,365,541.852618
182.706423,365,542.15721
216.386649,365,542.446734
234.130887,365,542.731161
73.320949,365,543.028264
218.67158,365,543.31395
193.443264,365,543.599149
212.356369,365,543.88223
175.06244,365,544.179145
25.550742,365,544.462222
218.341778,365,544.749236
186.522533,365,545.033871
136.606107,365,545.334892
184.422238,365,545.639949
172.688654,365,545.931029
163.913352,365,546.210944
147.032342,365,546.508039
212.528269,365,546.79404
186.939865,365,547.06803
141.88872,365,547.353844
183.936457,365,547.653826
189.068335,365,547.937569
159.564556,365,548.244776
256.140874,365,548.562037
182.675835,365,548.947589
200.162832,365,549.236588
212.407599,365,549.522671
225.133552,365,549.804593
121.914479,365,550.111063
215.795863,365,550.404065
228.189998,365,550.696063
279.512257,365,550.966061
203.725042,365,551.266205
205.0626,365,551.54112
143.23289,365,551.822477
108.03357,365,552.09457
136.31354,365,552.378577
217.185357,365,552.664008
235.209371,365,552.942853
-91.68841,365,553.233755
182.11554,365,553.528753
210.683528,365,553.808773
192.072513,365,554.102778
236.496727,365,554.391699
196.025551,365,554.687696
156.595838,365,554.972064
106.222745,365,555.253064
46.276869,365,555.539052
214.920725,365,555.840051
158.47395,365,556.128056
224.78223,365,556.410142
263.640858,365,556.691283
211.970628,365,556.996289
184.152441,365,557.276017
171.66707,365,557.548016
191.602669,365,557.812022
223.138814,365,558.121596
188.846638,365,558.405499
271.160331,365,558.689392
189.249598,365,558.978993
217.460984,365,559.268989
216.457158,365,559.546977
152.060121,365,559.825061
-28.976189,365,560.101082
174.752163,365,560.393128
85.583751,365,560.701105
111.719361,365,560.989106
117.552806,365,561.280244
147.371086,365,561.581907
159.313522,365,561.873893
233.726046,365,562.17507
135.257375,365,562.481069
145.732496,365,562.774158
130.534569,365,563.06004
249.57099,365,563.34604
166.001558,365,563.626256
119.116501,365,563.941735
166.757359,365,564.27454
127.797622,365,564.5817
87.504966,365,564.880084
155.663654,365,565.216105
85.795578,365,565.604104
154.171298,365,565.924104
154.679923,365,566.231967
166.938152,365,566.545567
-186.695707,365,566.820127
144.625529,365,567.102144
103.377836,365,567.386215
171.119293,365,567.68305
150.446126,365,567.959871
170.152305,365,568.256877
130.322576,365,568.548386
160.203494,365,568.843455
237.831242,365,569.130743
236.402349,365,569.418745
227.529527,365,569.700742
223.566218,365,569.999501
193.988936,365,570.285651
174.495232,365,570.572631
150.241608,365,570.852558
182.992292,365,571.168683
192.175041,365,571.465767
190.893311,365,571.738653
153.224653,365,572.027477
44.236549,365,572.328477
237.53817,365,572.612479
172.119272,365,572.888441
206.909653,365,573.182497
170.139947,365,573.464495
253.789563,365,573.773013
191.829585,365,574.065027
282.550315,365,574.35886
203.177957,365,574.67286
197.804179,365,574.968881
263.32161,365,575.257951
218.965983,365,575.535458
274.069723,365,575.829403
215.303895,365,576.118489
157.874124,365,576.406401
141.00764,365,576.686402
164.095756,365,576.977403
-171.78723,365,577.256509
178.615301,365,577.531755
146.509591,365,577.820764
239.5443,365,578.131781
148.157428,365,578.439659
76.020732,365,578.742659
210.391353,365,579.077099
208.48257,365,579.4101
179.782767,365,579.700184
118.032917,365,579.989068
38.911942,365,580.264084
104.772722,365,580.553071
166.773118,365,580.838982
189.424637,365,581.114985
-226.738867,365,581.402511
167.057612,365,581.692401
157.739845,365,581.977378
219.147825,365,582.247395
207.695114,365,582.51651
199.430883,365,582.817592
218.747648,365,583.101032
116.924155,365,583.379045
223.658557,365,583.672028
202.99151,365,583.967832
170.255023,365,584.253916
249.477458,365,584.549835
184.332346,365,584.834833
224.751931,365,585.131678
181.940628,365,585.423407
207.573016,365,585.711359
236.774663,365,585.989438
235.402159,365,586.287868
132.994366,365,586.566081
161.553853,365,586.86636
195.812813,365,587.178769
211.764819,365,587.468768
183.526348,365,587.742765
213.155687,365,588.049421
163.133496,365,588.326424
141.72397,365,588.624823
254.889919,365,588.919456
178.644295,365,589.246455
242.295569,365,589.542316
244.289271,365,589.83241
200.806825,365,590.121495
-242.023465,365,590.402185
249.331417,365,590.698167
128.305347,365,590.991127
195.568161,365,591.26598
233.809538,365,591.534993
210.497841,365,591.815975
168.466952,365,592.0942
234.666662,365,592.387289
157.816843,365,592.660289
161.422542,365,592.933949
215.125124,365,593.219861
240.619096,365,593.496128
255.007833,365,593.781112
195.31982,365,594.056114
239.409496,365,594.362112
236.585451,365,594.663472
236.063253,365,594.982991
186.344917,365,595.316371
249.908979,365,595.607392
172.095765,365,595.883373
206.047397,365,596.152371
302.384964,365,596.42521
298.597668,365,596.708527
211.552542,365,596.99053
240.868039,365,597.279527
-80.573548,365,597.53861
128.998525,365,597.835497
247.79086,365,598.114048
258.682528,365,598.394967
148.326998,365,598.671368
228.783725,365,598.956158
246.800677,365,599.240165
216.463589,365,599.514746
271.038445,365,599.779743
237.121627,365,600.063745
259.875518,365,600.347578
222.480836,365,600.622575
48.868759,365,600.894835
298.901111,365,601.188831
222.055091,365,601.462834
294.475029,365,601.736292
185.790684,365,602.023289
-66.779964,365,602.319308
108.854769,365,602.606214
191.978098,365,602.885211
193.230542,365,603.162214
233.208409,365,603.459076
273.447716,365,603.743957
263.60043,365,604.020859
183.309553,365,604.297856
53.127051,365,604.599259
201.725173,365,604.902158
273.705113,365,605.181527
228.185902,365,605.456275
178.621147,365,605.741912
226.995986,365,606.023909
172.572617,365,606.31546
94.631922,365,606.594459
259.755461,365,606.883548
145.548935,365,607.15963
249.132673,365,607.436819
192.141939,365,607.711828
93.001995,365,607.990633
160.198464,365,608.28054
280.045986,365,608.558208
160.590289,365,608.84612
192.13677,365,609.13612
202.705228,365,609.415209
231.489978,365,609.696855
214.691749,365,609.971041
118.292147,365,610.285042
204.625124,365,610.568612
184.098524,365,610.849619
177.026905,365,611.125526
102.274871,365,611.414727
85.567886,365,611.698563
241.659025,365,611.959481
125.46069,365,612.23594
39.76716,365,612.526942
181.182313,365,612.808875
178.279551,365,613.084978
163.575462,365,613.361921
187.769275,365,613.663531
119.814725,365,613.949225
250.114918,365,614.243242
270.94384,365,614.522628
76.734301,365,614.813614
130.575512,365,615.084114
145.121936,365,615.349503
185.987454,365,615.626501
140.22382,365,615.913591
217.878934,365,616.184499
193.837648,365,616.468502
233.566407,365,616.748334
181.259635,365,617.043349
144.044828,365,617.324351
171.563077,365,617.595353
-57.665183,365,617.869349
254.153802,365,618.157332
267.183203,365,618.430409
50.368429,365,618.706402
212.075345,365,618.964322
235.45681,365,619.252122
241.269699,365,619.531056
164.426811,365,619.811143
219.681313,365,620.096601
222.727285,365,620.387019
204.169848,365,620.780014
127.503951,365,621.14714
276.450081,365,621.63914
186.694889,365,622.136141
26.588757,365,622.64914
90.052319,365,623.161139
238.594866,365,623.615139
143.862285,365,624.077228
84.074167,365,624.516229
145.399811,365,624.945227
174.393743,365,625.350225
175.290955,365,625.71817
214.870802,365,626.098181
162.322677,365,626.446173
15.659412,365,626.817261
258.841417,365,627.211727
-155.815786,365,627.569736
217.9753,365,627.950727
135.550889,365,628.373043
239.908361,365,628.87004
-39.198968,365,629.253407
22.878199,365,629.654404
-209.454833,365,630.013424
175.5651,365,630.40742
116.116515,365,630.749404
178.271199,365,631.116403
129.967038,365,631.471409
156.121929,365,631.850404
174.874689,365,632.214406
192.330294,365,632.58442
230.186227,365,632.958675
174.600324,365,633.347677
114.084207,365,633.734675
41.489718,365,634.149031
201.380386,365,634.572031
207.205584,365,634.972036
193.69493,365,635.356029
183.367011,365,635.739119
226.958084,365,636.124244
246.357981,365,636.45429
-11.1651,365,636.72233
-117.449169,365,636.997249
262.88288,365,637.275067
242.542203,365,637.568067
169.218598,365,637.842067
29.14372,365,638.127075
144.247086,365,638.405882
136.79923,365,638.716798
62.768218,365,639.012796
45.621689,365,639.298617
-138.885952,365,639.580616
224.515649,365,639.869209
198.441557,365,640.14445
222.295273,365,640.429686
158.498189,365,640.736686
205.965691,365,641.027062
105.438676,365,641.315513
47.374731,365,641.599059
230.014455,365,641.883063
142.43062,365,642.177436
52.255261,365,642.455052
180.957165,365,642.725044
181.906463,365,643.014044
198.289693,365,643.310047
-31.957159,365,643.578588
241.402994,365,643.849721
171.527757,365,644.126138
121.682654,365,644.398137
-66.657027,365,644.6884
134.91861,365,644.96639
86.739939,365,645.240391
232.287485,365,645.520518
141.074191,365,645.815526
159.637215,365,646.104504
140.360034,365,646.37859
184.635481,365,646.690582
93.778202,365,646.981585
126.181188,365,647.270585
162.655801,365,647.550583
170.127183,365,647.838195
141.743396,365,648.175192
145.167934,365,648.474192
167.071175,365,648.752176
185.852437,365,649.048139
180.522505,365,649.340153
123.754429,365,649.625105
78.816425,365,649.908102
219.275556,365,650.19519
113.876248,365,650.470137
126.19058,365,650.749928
76.093359,365,651.044902
120.657752,365,651.332904
185.211942,365,651.645998
241.08712,365,651.930998
249.712167,365,652.222549
212.348862,365,652.510861
85.113695,365,652.802927
82.669221,365,653.089838
198.015345,365,653.378843
223.11725,365,653.68593
11.487567,365,653.965838
245.330559,365,654.237405
229.785892,365,654.520827
263.082731,365,654.817967
239.187377,365,655.113953
172.600759,365,655.413954
243.304369,365,655.738655
213.265719,365,656.08511
274.899229,365,656.46264
85.891062,365,656.803962
217.077715,365,657.166534
285.158643,365,657.50047
194.986769,365,657.793497
171.491541,365,658.084384
179.857421,365,658.368043
253.546,365,658.665882
221.73238,365,658.943993
300.449288,365,659.224077
217.785991,365,659.501079
-253.328215,365,659.783083
143.929459,365,660.053097
203.584412,365,660.3451
273.492708,365,660.629188
229.028694,365,660.931097
196.272273,365,661.199191
133.072236,365,661.472116
249.452444,365,661.737609
237.001128,365,662.034608
114.554709,365,662.319627
180.149502,365,662.655677
226.222628,365,662.959675
182.449428,365,663.264679
231.820753,365,663.551759
158.702472,365,663.826397
-3.545863,365,664.113397
203.84354,365,664.457583
209.687478,365,664.787961
137.350931,365,665.109986
211.593073,365,665.418306
11.778666,365,665.788955
266.55611,365,666.093759
-6.575832,365,666.390759
163.900384,365,666.662815
172.581616,365,667.116637
149.456106,365,667.464018
172.973478,365,667.770071
145.810531,365,668.062966
209.12719,365,668.37849
123.513385,365,668.67027
148.897617,365,668.94627
110.38505,365,669.234289
46.648353,365,669.523085
23.541528,365,669.80143
-78.794686,365,670.08976
152.898447,365,670.374182
164.652215,365,670.669502
155.131256,365,670.93341
153.161716,365,671.233383
142.014068,365,671.518856
47.050529,365,671.81795
163.75569,365,672.101515
128.008007,365,672.389186
141.423926,365,672.67095
130.308385,365,672.961949
196.000836,365,673.249525
149.792727,365,673.531143
151.551606,365,673.816167
82.921841,365,674.117359
170.805168,365,674.389359
100.543105,365,674.670356
151.403377,365,674.946413
187.513309,365,675.23033
63.700339,365,675.521954
117.557464,365,675.797039
145.067617,365,676.071121
125.571618,365,676.362122
-55.741695,365,676.644543
142.673718,365,676.923685
228.345272,365,677.197605
176.238083,365,677.489116
221.730504,365,677.769116
65.359351,365,678.043002
245.629898,365,678.323988
257.538067,365,678.604954
218.962911,365,678.893553
159.335352,365,679.177474
183.360734,365,679.457187
245.955135,365,679.739194
210.695234,365,680.005199
200.041097,365,680.272503
197.167141,365,680.565636
255.068206,365,680.885639
165.350447,365,681.176636
123.191228,365,681.452651
216.676393,365,681.736453
203.027449,365,682.027466
169.111462,365,682.309373
-65.94442,365,682.588374
208.149889,365,682.873022
131.570062,365,683.157081
213.655111,365,683.447078
248.505257,365,683.734362
206.014116,365,684.016461
188.098048,365,684.296449
161.948023,365,684.564451
192.166385,365,684.844279
-26.200249,365,685.128279
130.465466,365,685.406281
204.257734,365,685.692848
170.003554,365,685.967833
43.695243,365,686.252862
173.346753,365,686.587053
165.607657,365,686.899788
179.335802,365,687.182016
24.70982,365,687.471015
-162.769673,365,687.772218
161.096774,365,688.054399
-72.318692,365,688.331381
205.281014,365,688.61938
167.792453,365,688.904669
216.032752,365,689.193486
164.58865,365,689.474488
225.405167,365,689.755507
170.541148,365,690.033488
274.04869,365,690.309032
171.2388,365,690.582621
186.661173,365,690.856598
160.314291,365,691.142608
233.946436,365,691.419538
206.464671,365,691.686533
197.256091,365,691.983492
140.975282,365,692.279391
153.710342,365,692.562603
150.434287,365,692.837603
149.117233,365,693.110289
177.720375,365,693.392277
127.8363,365,693.677804
176.426713,365,693.959137
250.629364,365,694.243137
136.76362,365,694.526199
183.307358,365,694.799213
75.470674,365,695.083291
192.639328,365,695.367365
186.387055,365,695.671883
246.830369,365,695.953825
203.998971,365,696.240956
224.382209,365,696.521859
181.776995,365,696.813907
218.442672,365,697.104194
127.165958,365,697.379105
203.225757,365,697.659874
246.079799,365,697.959859
91.211493,365,698.239861
230.681895,365,698.515735
222.403908,365,698.806263
201.279595,365,699.109247
261.141891,365,699.395261
-14.382559,365,699.669246
227.527525,365,699.955
-48.353259,365,700.240999
-100.03095,365,700.525999
243.769965,365,700.797021
109.962551,365,701.060001
184.424706,365,701.347714
264.608572,365,701.626711
60.332037,365,701.924711
107.839806,365,702.233711
223.523024,365,702.528715
240.084495,365,702.809455
198.648765,365,703.084542
140.708854,365,703.367456
202.611624,365,703.651543
218.349679,365,703.947405
170.549702,365,704.237285
229.012482,365,704.525372
229.659542,365,704.813093
181.62934,365,705.082917
202.534036,365,705.365048
218.764572,365,705.651965
258.653601,365,705.934835
213.453823,365,706.224819
223.170754,365,706.497798
234.95309,365,706.758097
89.867933,365,707.051409
253.860393,365,707.329417
-13.266552,365,707.600332
2.701136,365,707.881896
161.464831,365,708.172875
-161.208667,365,708.453872
273.779109,365,708.743193
194.122973,365,709.033215
130.337784,365,709.325938
43.629801,365,709.600746
132.042162,365,709.877849
-232.187251,365,710.166963
81.900041,365,710.453786
80.477145,365,710.724667
-118.196195,365,711.015785
-90.291264,365,711.295883
212.86585,365,711.577799
58.165058,365,711.85303
-128.046948,365,712.137096
92.073701,365,712.41712
50.130839,365,712.702861
83.90886,365,713.051856
179.719252,365,713.35287
80.986608,365,713.636657
202.253235,365,713.946916
196.547365,365,714.240915
-138.976026,365,714.512996
161.644663,365,714.786912
103.597749,365,715.071826
151.258925,365,715.345819
136.736114,365,715.620636
192.489103,365,715.890633
107.335399,365,716.199421
133.871496,365,716.499682
50.926085,365,716.78468
176.741855,365,717.0675
131.187021,365,717.391511
79.962132,365,717.705412
118.051232,365,718.022857
224.008621,365,718.358858
114.027657,365,718.715831
109.945624,365,719.040918
129.694014,365,719.367919
-107.571006,365,719.680372
143.275609,365,720.013399
185.585766,365,720.350924
130.073353,365,720.671232
84.10351,365,720.967314
107.651791,365,721.271975
208.760814,365,721.575998
155.518283,365,721.88896
-218.30308,365,722.206068
154.085777,365,722.535046
125.916288,365,722.837081
66.583216,365,723.145792
-33.45138,365,723.440794
63.359976,365,723.751744
134.514886,365,724.065225
102.770226,365,724.3603
150.029852,365,724.664275
70.285503,365,724.97081
87.283151,365,725.271986
-13.387538,365,725.5742
178.76311,365,725.880648
84.167261,365,726.197089
16.782617,365,726.491174
130.540077,365,726.79586
152.534648,365,727.108349
193.88113,365,727.425308
-18.255922,365,727.729311
193.528293,365,728.027182
63.528239,365,728.33826
205.868707,365,728.647175
168.081492,365,728.952657
28.281574,365,729.262599
0.314633,365,729.5766
178.80162,365,729.925936
148.61087,365,730.256611
119.940462,365,730.558611
128.267027,365,730.854697
102.97961,365,731.166358
-30.484486,365,731.463358
-73.998881,365,731.764239
115.287272,365,732.072833
182.026463,365,732.385044
93.278687,365,732.73112
153.026913,365,733.131125
211.289755,365,733.550248
96.260703,365,733.941245
-265.762768,365,734.284425
97.917497,365,734.645426
163.030548,365,735.033723
218.995731,365,735.399724
75.806526,365,735.707739
116.382354,365,736.014804
101.445016,365,736.318722
198.925471,365,736.639143
116.485098,365,737.019142
140.807653,365,737.399139
193.277346,365,737.787144
119.263874,365,738.256243
150.195629,365,738.627246
-108.673531,365,739.001243
132.349082,365,739.384249
95.921724,365,739.768247
138.986764,365,740.165247
224.061687,365,740.598246
51.103063,365,741.057245
233.194767,365,741.53625
211.051192,365,742.021246
99.23711,365,742.48159
-24.393585,365,742.820674
128.697928,365,743.148175
88.150119,365,743.535172
181.11591,365,743.968211
62.056047,365,744.374225
-75.421337,365,744.826595
96.919798,365,745.32959
84.25472,365,745.799592
221.012535,365,746.310679
240.848026,365,746.770686
131.861332,365,747.363689
138.710496,365,748.301013
76.606231,365,748.801985
112.425496,365,749.571796
154.09506,365,750.330824
180.15101,365,750.898827
96.760683,365,751.349843
197.015936,365,751.674861
221.189618,365,751.951822
186.422775,365,752.324242
95.630951,365,752.695692
144.553768,365,753.063692
251.418477,365,753.397775
74.173355,365,753.694807
-69.508265,365,753.9838
80.522965,365,754.280315
-36.6304,365,754.562463
168.012244,365,754.847863
147.950183,365,755.150866
84.652965,365,755.466947
-114.224272,365,755.755188
126.844622,365,756.071785
-74.332625,365,756.401311
180.834594,365,756.703304
-2.414721,365,756.975581
4.883764,365,757.249342
167.753852,365,757.518969
228.023639,365,757.801079
-32.881658,365,758.10956
17.933642,365,758.434554
156.43784,365,758.767394
111.292792,365,759.090965
194.477038,365,759.402021
135.637526,365,759.696102
185.547857,365,759.976021
64.289723,365,760.249038
-14.720712,365,760.531079
49.028648,365,760.80807
202.803421,365,761.094074
155.605282,365,761.378552
120.075772,365,761.668447
220.164956,365,761.943844
79.154902,365,762.246846
86.979869,365,762.544844
152.61625,365,762.824846
233.873883,365,763.099936
128.586076,365,763.38738
134.518525,365,763.680752
133.494282,365,763.977907
92.828112,365,764.255051
212.215016,365,764.546488
177.336194,365,764.839393
108.034768,365,765.115397
18.440823,365,765.384397
182.430546,365,765.663165
255.427345,365,765.953604
168.152153,365,766.233587
91.040273,365,766.501225
100.748142,365,766.763206
148.101689,365,767.05002
49.451142,365,767.32039
138.392872,365,767.606389
166.349542,365,767.883388
236.103302,365,768.169952
243.684838,365,768.455953
201.589039,365,768.732837
188.878464,365,769.02184
140.056548,365,769.309551
165.08029,365,769.586191
76.136273,365,769.869275
231.136027,365,770.152877
100.110558,365,770.441966
156.742878,365,770.717364
234.700864,365,770.99936
3.204258,365,771.274444
136.604416,365,771.547004
273.11926,365,771.821009
123.674486,365,772.097008
235.335919,365,772.380007
159.037276,365,772.678862
49.080893,365,772.964982
50.630124,365,773.238067
90.294446,365,773.50998
-36.24816,365,773.815154
237.558995,365,774.105411
57.161263,365,774.379418
26.67933,365,774.653329
190.477046,365,774.941298
101.862884,365,775.220299
226.062744,365,775.499022
72.32551,365,775.764621
123.245407,365,776.054607
58.093154,365,776.329779
237.627804,365,776.604788
-9.474222,365,776.882456
205.796556,365,777.169543
31.882485,365,777.434458
172.596347,365,777.713634
242.229365,365,778.002642
27.008766,365,778.309709
150.095977,365,778.630818
220.826555,365,778.932836
263.379888,365,779.213815
-2.587149,365,779.492818
108.172723,365,779.77445
-140.200911,365,780.054625
146.452063,365,780.33405
118.561975,365,780.61811
233.551341,365,780.894822
45.239136,365,781.170786
150.719845,365,781.446882
25.979685,365,781.737475
100.381953,365,782.0105
214.960058,365,782.292521
15.841191,365,782.564432
123.564094,365,782.900141
231.560939,365,783.317144
139.091795,365,783.75314
222.898685,365,784.08914
74.151978,365,784.382817
200.095417,365,784.658817
173.31467,365,784.948967
245.835297,365,785.218966
-344.660374,365,785.51561
13.058197,365,785.797418
211.830777,365,786.094312
135.808972,365,786.373172
211.795283,365,786.670077
108.699992,365,786.952202
131.482947,365,787.230482
232.858361,365,787.505197
148.453469,365,787.800326
121.455766,365,788.086322
-114.208369,365,788.352321
228.502349,365,788.60824
179.924677,365,788.91124
258.027279,365,789.189797
280.847169,365,789.470967
242.228604,365,789.744869
147.806616,365,790.035733
195.427878,365,790.311823
100.772635,365,790.581622
80.103067,365,790.868298
193.194738,365,791.164827
142.043122,365,791.44373
81.633615,365,791.715238
194.11221,365,792.004806
158.691488,365,792.299889
88.730078,365,792.587219
-201.469054,365,792.878283
36.538831,365,793.174791
72.25341,365,793.468269
-89.724009,365,793.749273
221.705739,365,794.03316
